SK_CLIENTE;ID_CLIENTE_ORIGEM;NOME_CLIENTE;TIPO_CLIENTE;CPF_CNPJ;SEXO;FAIXA_ETARIA;DATA_NASCIMENTO;CIDADE;ESTADO;PAIS;SEGMENTO_CLIENTE;DATA_CADASTRO;DATA_INICIO_VIGENCIA;DATA_FIM_VIGENCIA;FL_REGISTRO_ATUAL;FL_ATIVO;DATA_CARGA;DATA_ATUALIZACAO_DW
1;CLI00001;Marcos Costa Santos;PF;204.332.581-35;Masculino;26-35;1990-10-20;Serra;ES;Brasil;Novo;2021-05-05;2025-01-01;;S;S;2026-07-01 10:00:00;
2;CLI00002;Marcos Martins Gomes;PF;954.776.222-59;Não informado;26-35;1990-03-14;Curitiba;PR;Brasil;Premium;2020-12-15;2025-01-01;;S;S;2026-07-01 10:00:00;
3;CLI00003;Natália Almeida Rodrigues;PF;842.262.274-26;Feminino;26-35;1997-08-26;São Paulo;SP;Brasil;Atacado;2021-08-30;2025-01-01;;S;S;2026-07-01 10:00:00;
4;CLI00004;Rafael Gomes Lima;PJ;259.661.661-26;Feminino;18-25;2006-11-04;São Paulo;SP;Brasil;Novo;2023-11-30;2025-01-01;;S;S;2026-07-01 10:00:00;
5;CLI00005;Gabriela Silva Pereira;PF;399.613.346-85;Masculino;36-50;1994-07-27;São Paulo;SP;Brasil;Premium;2023-01-08;2025-01-01;;S;S;2026-07-01 10:00:00;
6;CLI00006;Patrícia Gomes Ferreira;PJ;946.999.613-26;Não informado;26-35;1993-09-01;Recife;PE;Brasil;Recorrente;2021-08-04;2025-01-01;;S;S;2026-07-01 10:00:00;
7;CLI00007;Ana Martins Martins;PF;276.244.584-89;Não informado;18-25;1995-01-11;Recife;PE;Brasil;Premium;2021-11-11;2025-01-01;;S;S;2026-07-01 10:00:00;
8;CLI00008;Bruno Souza Souza;PJ;143.890.200-74;Masculino;18-25;1964-08-11;Rio de Janeiro;RJ;Brasil;Varejo;2023-06-14;2025-01-01;;S;S;2026-07-01 10:00:00;
9;CLI00009;Patrícia Nascimento Nascimento;PJ;619.353.815-76;Masculino;26-35;1988-03-14;Vitória;ES;Brasil;Novo;2022-07-11;2025-01-01;;S;S;2026-07-01 10:00:00;
10;CLI00010;Larissa Santos Gomes;PF;538.174.317-95;Masculino;18-25;1969-12-21;Curitiba;PR;Brasil;Recorrente;2023-08-02;2025-01-01;;S;S;2026-07-01 10:00:00;
11;CLI00011;Eduarda Almeida Souza;PF;507.598.266-95;Feminino;26-35;2005-07-17;Salvador;BA;Brasil;Ocasional;2022-08-23;2025-01-01;;S;S;2026-07-01 10:00:00;
12;CLI00012;Gabriela Costa Costa;PF;839.474.119-53;Não informado;51+;1988-12-01;Salvador;BA;Brasil;Ocasional;2022-02-07;2025-01-01;;S;S;2026-07-01 10:00:00;
13;CLI00013;William Pereira Nascimento;PF;215.907.334-23;Feminino;36-50;1977-01-25;São Paulo;SP;Brasil;Ocasional;2024-04-11;2025-01-01;;S;S;2026-07-01 10:00:00;
14;CLI00014;Otávio Azevedo Lima;PJ;515.252.649-75;Não informado;51+;2004-06-03;Belo Horizonte;MG;Brasil;Premium;2021-02-22;2025-01-01;;S;S;2026-07-01 10:00:00;
15;CLI00015;Felipe Rodrigues Lima;PF;375.117.749-21;Masculino;18-25;1998-04-03;Belo Horizonte;MG;Brasil;Premium;2022-06-17;2025-01-01;;S;S;2026-07-01 10:00:00;
16;CLI00016;Ana Costa Nascimento;PJ;374.736.232-15;Não informado;26-35;1967-03-09;Serra;ES;Brasil;Recorrente;2023-11-15;2025-01-01;;S;S;2026-07-01 10:00:00;
17;CLI00017;João Gomes Pereira;PF;396.556.612-96;Feminino;36-50;1982-01-09;Serra;ES;Brasil;Premium;2024-11-25;2025-01-01;;S;S;2026-07-01 10:00:00;
18;CLI00018;Sofia Nascimento Souza;PJ;351.557.208-94;Não informado;51+;2002-08-18;Salvador;BA;Brasil;Atacado;2023-04-12;2025-01-01;;S;S;2026-07-01 10:00:00;
19;CLI00019;Gabriela Souza Costa;PF;952.823.846-91;Feminino;51+;1982-01-27;São Paulo;SP;Brasil;Premium;2024-08-10;2025-01-01;;S;S;2026-07-01 10:00:00;
20;CLI00020;Isabela Rodrigues Oliveira;PF;186.781.961-58;Não informado;36-50;1998-04-23;Belo Horizonte;MG;Brasil;Premium;2022-06-06;2025-01-01;;S;S;2026-07-01 10:00:00;
21;CLI00021;Felipe Oliveira Pereira;PJ;103.369.472-52;Não informado;36-50;1975-01-10;Rio de Janeiro;RJ;Brasil;Ocasional;2023-12-24;2025-01-01;;S;S;2026-07-01 10:00:00;
22;CLI00022;Ana Costa Rodrigues;PF;586.385.614-93;Feminino;26-35;1992-01-03;Belo Horizonte;MG;Brasil;Premium;2024-03-13;2025-01-01;;S;S;2026-07-01 10:00:00;
23;CLI00023;Natália Ferreira Silva;PJ;123.406.411-90;Feminino;18-25;1997-09-28;São Paulo;SP;Brasil;Varejo;2020-12-27;2025-01-01;;S;S;2026-07-01 10:00:00;
24;CLI00024;William Rodrigues Martins;PJ;837.606.253-46;Não informado;26-35;1962-12-17;Salvador;BA;Brasil;Varejo;2021-01-27;2025-01-01;;S;S;2026-07-01 10:00:00;
25;CLI00025;Sofia Oliveira Lima;PF;946.802.698-97;Não informado;26-35;1965-01-02;São Paulo;SP;Brasil;Varejo;2022-12-25;2025-01-01;;S;S;2026-07-01 10:00:00;
26;CLI00026;Diego Rodrigues Azevedo;PJ;671.151.742-12;Não informado;26-35;1991-05-01;Recife;PE;Brasil;Premium;2022-03-08;2025-01-01;;S;S;2026-07-01 10:00:00;
27;CLI00027;Thiago Santos Gomes;PF;863.854.585-42;Feminino;36-50;1975-12-25;Rio de Janeiro;RJ;Brasil;Recorrente;2021-05-11;2025-01-01;;S;S;2026-07-01 10:00:00;
28;CLI00028;Patrícia Almeida Azevedo;PJ;178.590.800-46;Feminino;26-35;1964-10-05;Curitiba;PR;Brasil;Ocasional;2021-05-08;2025-01-01;;S;S;2026-07-01 10:00:00;
29;CLI00029;João Ferreira Ferreira;PF;112.593.162-72;Masculino;18-25;2004-04-22;Recife;PE;Brasil;Ocasional;2021-01-11;2025-01-01;;S;S;2026-07-01 10:00:00;
30;CLI00030;Sofia Pereira Almeida;PJ;577.885.221-80;Feminino;36-50;1965-08-01;Belo Horizonte;MG;Brasil;Novo;2024-07-29;2025-01-01;;S;S;2026-07-01 10:00:00;
31;CLI00031;Sofia Almeida Pereira;PJ;314.315.176-84;Feminino;26-35;1993-05-12;São Paulo;SP;Brasil;Atacado;2021-06-18;2025-01-01;;S;S;2026-07-01 10:00:00;
32;CLI00032;Sofia Pereira Lima;PF;820.473.336-73;Masculino;51+;1961-03-01;Recife;PE;Brasil;Varejo;2022-06-23;2025-01-01;;S;S;2026-07-01 10:00:00;
33;CLI00033;Natália Pereira Rocha;PF;526.452.485-50;Feminino;36-50;1960-06-25;Curitiba;PR;Brasil;Novo;2024-05-01;2025-01-01;;S;S;2026-07-01 10:00:00;
34;CLI00034;Gabriela Rocha Silva;PJ;359.481.166-60;Masculino;18-25;1983-07-25;Belo Horizonte;MG;Brasil;Premium;2023-06-07;2025-01-01;;S;S;2026-07-01 10:00:00;
35;CLI00035;Diego Silva Azevedo;PJ;750.252.355-44;Masculino;36-50;1972-06-26;Salvador;BA;Brasil;Premium;2021-06-19;2025-01-01;;S;S;2026-07-01 10:00:00;
36;CLI00036;Natália Lima Lima;PF;836.182.150-62;Masculino;26-35;2001-05-16;Serra;ES;Brasil;Atacado;2024-04-16;2025-01-01;;S;S;2026-07-01 10:00:00;
37;CLI00037;Felipe Almeida Rodrigues;PJ;388.404.361-93;Masculino;51+;2001-04-10;Recife;PE;Brasil;Atacado;2021-04-03;2025-01-01;;S;S;2026-07-01 10:00:00;
38;CLI00038;Natália Santos Oliveira;PF;176.312.612-73;Não informado;26-35;1988-06-25;Recife;PE;Brasil;Novo;2024-03-22;2025-01-01;;S;S;2026-07-01 10:00:00;
39;CLI00039;Thiago Souza Souza;PF;278.450.669-21;Masculino;26-35;1983-05-26;Rio de Janeiro;RJ;Brasil;Premium;2022-09-09;2025-01-01;;S;S;2026-07-01 10:00:00;
40;CLI00040;Natália Rodrigues Rocha;PF;485.376.446-17;Masculino;36-50;1996-06-05;Rio de Janeiro;RJ;Brasil;Premium;2023-06-26;2025-01-01;;S;S;2026-07-01 10:00:00;
41;CLI00041;Henrique Rodrigues Rodrigues;PJ;542.419.969-12;Feminino;18-25;1987-12-25;Recife;PE;Brasil;Atacado;2022-04-04;2025-01-01;;S;S;2026-07-01 10:00:00;
42;CLI00042;Ana Santos Rodrigues;PJ;559.354.901-23;Feminino;26-35;1969-09-22;Vitória;ES;Brasil;Varejo;2021-01-27;2025-01-01;;S;S;2026-07-01 10:00:00;
43;CLI00043;Patrícia Santos Nascimento;PF;101.901.228-39;Não informado;18-25;2001-12-10;São Paulo;SP;Brasil;Varejo;2023-08-05;2025-01-01;;S;S;2026-07-01 10:00:00;
44;CLI00044;Sofia Gomes Rodrigues;PF;201.172.407-77;Não informado;26-35;1984-05-08;Serra;ES;Brasil;Premium;2021-12-28;2025-01-01;;S;S;2026-07-01 10:00:00;
45;CLI00045;João Almeida Pereira;PJ;760.959.348-70;Não informado;26-35;1995-04-01;Salvador;BA;Brasil;Varejo;2021-05-12;2025-01-01;;S;S;2026-07-01 10:00:00;
46;CLI00046;João Silva Silva;PF;610.790.762-63;Feminino;36-50;1974-11-14;Curitiba;PR;Brasil;Recorrente;2022-03-29;2025-01-01;;S;S;2026-07-01 10:00:00;
47;CLI00047;Bruno Rocha Costa;PJ;471.798.505-35;Feminino;36-50;1992-02-07;Recife;PE;Brasil;Recorrente;2023-04-04;2025-01-01;;S;S;2026-07-01 10:00:00;
48;CLI00048;Gabriela Souza Almeida;PF;371.878.402-23;Não informado;51+;1999-03-08;Recife;PE;Brasil;Novo;2021-04-10;2025-01-01;;S;S;2026-07-01 10:00:00;
49;CLI00049;Bruno Ferreira Oliveira;PJ;155.318.124-86;Feminino;51+;1963-12-02;São Paulo;SP;Brasil;Novo;2022-06-26;2025-01-01;;S;S;2026-07-01 10:00:00;
50;CLI00050;Larissa Rocha Santos;PF;269.437.295-33;Não informado;51+;1962-05-22;Salvador;BA;Brasil;Ocasional;2023-02-22;2025-01-01;;S;S;2026-07-01 10:00:00;
51;CLI00051;Patrícia Oliveira Santos;PF;180.386.182-54;Masculino;18-25;1995-04-13;Curitiba;PR;Brasil;Ocasional;2022-07-31;2025-01-01;;S;S;2026-07-01 10:00:00;
52;CLI00052;Carla Silva Rocha;PJ;300.481.654-67;Feminino;36-50;1983-12-16;Serra;ES;Brasil;Varejo;2022-09-13;2025-01-01;;S;S;2026-07-01 10:00:00;
53;CLI00053;Henrique Martins Gomes;PJ;141.484.135-69;Feminino;18-25;1976-04-24;Vitória;ES;Brasil;Atacado;2023-02-07;2025-01-01;;S;S;2026-07-01 10:00:00;
54;CLI00054;Marcos Pereira Costa;PF;368.864.833-98;Masculino;36-50;1979-01-24;Vitória;ES;Brasil;Premium;2023-09-11;2025-01-01;;S;S;2026-07-01 10:00:00;
55;CLI00055;Diego Almeida Rocha;PJ;894.495.908-42;Masculino;51+;1968-08-06;Serra;ES;Brasil;Varejo;2023-04-21;2025-01-01;;S;S;2026-07-01 10:00:00;
56;CLI00056;Eduarda Ferreira Souza;PJ;981.427.571-56;Não informado;18-25;1992-04-13;São Paulo;SP;Brasil;Recorrente;2022-09-19;2025-01-01;;S;S;2026-07-01 10:00:00;
57;CLI00057;Carla Gomes Silva;PJ;665.657.433-30;Masculino;18-25;1964-05-20;Vitória;ES;Brasil;Recorrente;2024-06-18;2025-01-01;;S;S;2026-07-01 10:00:00;
58;CLI00058;Otávio Almeida Rocha;PJ;277.339.236-63;Masculino;26-35;1994-11-25;Vitória;ES;Brasil;Ocasional;2023-05-11;2025-01-01;;S;S;2026-07-01 10:00:00;
59;CLI00059;Isabela Ferreira Pereira;PJ;360.855.366-35;Masculino;26-35;1971-04-08;São Paulo;SP;Brasil;Ocasional;2021-10-05;2025-01-01;;S;S;2026-07-01 10:00:00;
60;CLI00060;Gabriela Costa Santos;PJ;357.351.619-77;Feminino;18-25;2001-08-02;Vitória;ES;Brasil;Premium;2022-05-05;2025-01-01;;S;S;2026-07-01 10:00:00;
61;CLI00061;Henrique Azevedo Almeida;PJ;141.997.400-39;Feminino;18-25;1972-10-27;Rio de Janeiro;RJ;Brasil;Premium;2022-12-01;2025-01-01;;S;S;2026-07-01 10:00:00;
62;CLI00062;Sofia Azevedo Oliveira;PJ;717.366.893-95;Feminino;18-25;2000-10-23;Curitiba;PR;Brasil;Recorrente;2024-10-17;2025-01-01;;S;S;2026-07-01 10:00:00;
63;CLI00063;Marcos Costa Oliveira;PF;308.361.139-86;Não informado;26-35;1960-06-14;Curitiba;PR;Brasil;Recorrente;2021-07-10;2025-01-01;;S;S;2026-07-01 10:00:00;
64;CLI00064;João Santos Souza;PF;914.607.661-71;Feminino;51+;1966-07-22;São Paulo;SP;Brasil;Varejo;2022-01-04;2025-01-01;;S;S;2026-07-01 10:00:00;
65;CLI00065;Carla Gomes Oliveira;PJ;812.377.519-46;Não informado;36-50;1986-01-10;Curitiba;PR;Brasil;Novo;2022-09-02;2025-01-01;;S;S;2026-07-01 10:00:00;
66;CLI00066;Ana Azevedo Martins;PJ;759.301.500-61;Feminino;18-25;1987-03-14;Vitória;ES;Brasil;Premium;2022-09-23;2025-01-01;;S;S;2026-07-01 10:00:00;
67;CLI00067;Vanessa Lima Costa;PJ;891.266.233-11;Feminino;26-35;2001-07-03;Curitiba;PR;Brasil;Varejo;2022-03-05;2025-01-01;;S;S;2026-07-01 10:00:00;
68;CLI00068;Felipe Oliveira Costa;PJ;265.633.275-18;Feminino;51+;1991-04-10;São Paulo;SP;Brasil;Premium;2022-04-19;2025-01-01;;S;S;2026-07-01 10:00:00;
69;CLI00069;Larissa Silva Ferreira;PJ;188.829.735-98;Feminino;26-35;1999-07-20;Rio de Janeiro;RJ;Brasil;Novo;2023-12-24;2025-01-01;;S;S;2026-07-01 10:00:00;
70;CLI00070;Vanessa Souza Silva;PJ;630.260.492-55;Feminino;26-35;1975-12-27;Rio de Janeiro;RJ;Brasil;Premium;2021-11-07;2025-01-01;;S;S;2026-07-01 10:00:00;
71;CLI00071;Bruno Gomes Azevedo;PJ;220.499.713-68;Não informado;36-50;2001-07-10;Rio de Janeiro;RJ;Brasil;Novo;2022-10-27;2025-01-01;;S;S;2026-07-01 10:00:00;
72;CLI00072;Marcos Almeida Nascimento;PJ;283.123.103-89;Masculino;51+;1975-08-25;Recife;PE;Brasil;Recorrente;2022-05-08;2025-01-01;;S;S;2026-07-01 10:00:00;
73;CLI00073;Natália Santos Santos;PF;467.540.474-21;Masculino;18-25;1962-11-05;Vitória;ES;Brasil;Varejo;2023-03-31;2025-01-01;;S;S;2026-07-01 10:00:00;
74;CLI00074;Sofia Santos Silva;PJ;768.903.239-13;Feminino;18-25;1972-03-16;Belo Horizonte;MG;Brasil;Recorrente;2021-02-26;2025-01-01;;S;S;2026-07-01 10:00:00;
75;CLI00075;Henrique Santos Azevedo;PJ;725.874.358-30;Masculino;36-50;1989-03-09;Recife;PE;Brasil;Recorrente;2021-09-07;2025-01-01;;S;S;2026-07-01 10:00:00;
76;CLI00076;Isabela Ferreira Nascimento;PF;426.481.137-35;Feminino;51+;1970-11-09;Curitiba;PR;Brasil;Novo;2024-01-22;2025-01-01;;S;S;2026-07-01 10:00:00;
77;CLI00077;Isabela Santos Martins;PF;751.978.468-67;Não informado;18-25;1976-09-21;Salvador;BA;Brasil;Varejo;2022-12-03;2025-01-01;;S;S;2026-07-01 10:00:00;
78;CLI00078;Isabela Rodrigues Costa;PF;468.438.882-20;Masculino;26-35;1971-10-24;Serra;ES;Brasil;Ocasional;2022-02-10;2025-01-01;;S;S;2026-07-01 10:00:00;
79;CLI00079;Isabela Pereira Gomes;PJ;850.101.865-14;Feminino;26-35;1978-10-21;Salvador;BA;Brasil;Novo;2022-02-17;2025-01-01;;S;S;2026-07-01 10:00:00;
80;CLI00080;Marcos Lima Silva;PF;600.332.727-93;Feminino;18-25;1963-01-19;Curitiba;PR;Brasil;Ocasional;2024-05-29;2025-01-01;;S;S;2026-07-01 10:00:00;
81;CLI00081;Sofia Costa Nascimento;PF;523.697.408-85;Feminino;26-35;1983-10-27;Recife;PE;Brasil;Recorrente;2024-04-01;2025-01-01;;S;S;2026-07-01 10:00:00;
82;CLI00082;Ana Lima Martins;PF;824.252.561-22;Feminino;26-35;2002-05-13;Belo Horizonte;MG;Brasil;Premium;2024-09-09;2025-01-01;;S;S;2026-07-01 10:00:00;
83;CLI00083;Thiago Lima Costa;PJ;716.630.851-73;Feminino;26-35;1960-01-02;Serra;ES;Brasil;Novo;2023-12-18;2025-01-01;;S;S;2026-07-01 10:00:00;
84;CLI00084;Henrique Oliveira Silva;PF;112.727.664-94;Feminino;26-35;1986-04-17;Salvador;BA;Brasil;Atacado;2024-01-10;2025-01-01;;S;S;2026-07-01 10:00:00;
85;CLI00085;Sofia Pereira Santos;PJ;740.149.841-71;Não informado;18-25;1984-07-24;Recife;PE;Brasil;Premium;2021-04-30;2025-01-01;;S;S;2026-07-01 10:00:00;
86;CLI00086;Patrícia Oliveira Souza;PF;367.337.759-14;Feminino;36-50;2004-05-23;Serra;ES;Brasil;Ocasional;2021-06-09;2025-01-01;;S;S;2026-07-01 10:00:00;
87;CLI00087;Thiago Gomes Rodrigues;PJ;402.757.322-20;Não informado;18-25;1970-05-08;Rio de Janeiro;RJ;Brasil;Recorrente;2023-03-04;2025-01-01;;S;S;2026-07-01 10:00:00;
88;CLI00088;Gabriela Lima Rodrigues;PJ;715.344.488-90;Não informado;51+;1990-09-23;Serra;ES;Brasil;Premium;2022-07-21;2025-01-01;;S;S;2026-07-01 10:00:00;
89;CLI00089;Henrique Ferreira Lima;PJ;908.317.500-89;Não informado;18-25;1996-03-05;Serra;ES;Brasil;Premium;2024-05-17;2025-01-01;;S;S;2026-07-01 10:00:00;
90;CLI00090;Diego Ferreira Lima;PF;453.245.817-13;Feminino;18-25;1968-12-21;Serra;ES;Brasil;Varejo;2024-08-16;2025-01-01;;S;S;2026-07-01 10:00:00;
91;CLI00091;Bruno Santos Azevedo;PJ;304.937.939-78;Não informado;18-25;2005-07-04;Rio de Janeiro;RJ;Brasil;Recorrente;2023-11-12;2025-01-01;;S;S;2026-07-01 10:00:00;
92;CLI00092;Diego Silva Silva;PF;944.869.746-90;Masculino;51+;1966-03-04;Rio de Janeiro;RJ;Brasil;Ocasional;2023-03-20;2025-01-01;;S;S;2026-07-01 10:00:00;
93;CLI00093;Larissa Rodrigues Pereira;PF;459.362.389-16;Não informado;36-50;1980-10-17;Recife;PE;Brasil;Ocasional;2021-07-15;2025-01-01;;S;S;2026-07-01 10:00:00;
94;CLI00094;Ana Martins Rodrigues;PF;546.631.891-22;Masculino;51+;2005-01-18;Rio de Janeiro;RJ;Brasil;Varejo;2024-06-29;2025-01-01;;S;S;2026-07-01 10:00:00;
95;CLI00095;Vanessa Azevedo Pereira;PF;546.101.636-35;Masculino;18-25;1960-06-16;Vitória;ES;Brasil;Novo;2021-02-08;2025-01-01;;S;S;2026-07-01 10:00:00;
96;CLI00096;Felipe Almeida Ferreira;PJ;951.627.366-83;Feminino;36-50;1973-12-08;Recife;PE;Brasil;Recorrente;2024-05-21;2025-01-01;;S;S;2026-07-01 10:00:00;
97;CLI00097;Carla Almeida Martins;PF;743.434.464-22;Masculino;51+;1965-07-21;Serra;ES;Brasil;Ocasional;2023-11-06;2025-01-01;;S;S;2026-07-01 10:00:00;
98;CLI00098;João Pereira Rodrigues;PF;488.745.339-68;Feminino;18-25;1982-10-11;São Paulo;SP;Brasil;Novo;2021-04-17;2025-01-01;;S;S;2026-07-01 10:00:00;
99;CLI00099;Thiago Rocha Costa;PF;574.549.805-42;Não informado;26-35;1968-06-15;Rio de Janeiro;RJ;Brasil;Atacado;2023-12-06;2025-01-01;;S;S;2026-07-01 10:00:00;
100;CLI00100;Isabela Pereira Martins;PF;840.259.353-51;Não informado;36-50;1970-04-11;Rio de Janeiro;RJ;Brasil;Ocasional;2020-12-01;2025-01-01;;S;S;2026-07-01 10:00:00;
101;CLI00101;Diego Oliveira Gomes;PF;300.493.254-28;Masculino;36-50;1987-05-07;Vitória;ES;Brasil;Varejo;2024-05-28;2025-01-01;;S;S;2026-07-01 10:00:00;
102;CLI00102;Isabela Souza Lima;PJ;575.134.112-61;Masculino;26-35;1992-11-10;Recife;PE;Brasil;Premium;2024-03-17;2025-01-01;;S;S;2026-07-01 10:00:00;
103;CLI00103;Isabela Ferreira Rocha;PJ;105.858.348-65;Não informado;51+;1974-11-24;Rio de Janeiro;RJ;Brasil;Varejo;2023-12-27;2025-01-01;;S;S;2026-07-01 10:00:00;
104;CLI00104;Diego Almeida Rodrigues;PJ;366.743.817-22;Masculino;26-35;1985-12-23;São Paulo;SP;Brasil;Ocasional;2022-08-18;2025-01-01;;S;S;2026-07-01 10:00:00;
105;CLI00105;Rafael Almeida Silva;PJ;630.791.776-33;Não informado;36-50;1960-07-27;Recife;PE;Brasil;Premium;2024-10-15;2025-01-01;;S;S;2026-07-01 10:00:00;
106;CLI00106;Isabela Nascimento Souza;PF;833.900.304-76;Masculino;18-25;1996-08-18;Rio de Janeiro;RJ;Brasil;Varejo;2022-05-03;2025-01-01;;S;S;2026-07-01 10:00:00;
107;CLI00107;Sofia Silva Gomes;PJ;634.451.520-68;Feminino;26-35;1985-09-25;Vitória;ES;Brasil;Varejo;2021-07-24;2025-01-01;;S;S;2026-07-01 10:00:00;
108;CLI00108;Marcos Gomes Silva;PJ;380.491.509-17;Feminino;18-25;1986-07-21;Curitiba;PR;Brasil;Atacado;2023-07-08;2025-01-01;;S;S;2026-07-01 10:00:00;
109;CLI00109;Diego Souza Pereira;PJ;639.324.920-60;Masculino;26-35;1970-03-25;Vitória;ES;Brasil;Varejo;2023-12-03;2025-01-01;;S;S;2026-07-01 10:00:00;
110;CLI00110;Rafael Gomes Nascimento;PF;934.249.461-95;Não informado;51+;1989-05-25;São Paulo;SP;Brasil;Novo;2023-01-06;2025-01-01;;S;S;2026-07-01 10:00:00;
111;CLI00111;Henrique Pereira Rocha;PJ;803.359.536-96;Feminino;51+;1960-12-26;Belo Horizonte;MG;Brasil;Ocasional;2023-08-19;2025-01-01;;S;S;2026-07-01 10:00:00;
112;CLI00112;João Costa Almeida;PJ;538.738.752-20;Não informado;36-50;1969-05-28;Salvador;BA;Brasil;Premium;2024-07-11;2025-01-01;;S;S;2026-07-01 10:00:00;
113;CLI00113;Vanessa Lima Costa;PF;643.951.453-91;Não informado;18-25;2002-01-07;Vitória;ES;Brasil;Varejo;2023-05-12;2025-01-01;;S;S;2026-07-01 10:00:00;
114;CLI00114;Isabela Ferreira Santos;PF;974.339.290-67;Masculino;26-35;1973-07-26;São Paulo;SP;Brasil;Atacado;2021-02-22;2025-01-01;;S;S;2026-07-01 10:00:00;
115;CLI00115;William Martins Santos;PJ;302.606.809-37;Não informado;18-25;1988-11-04;Vitória;ES;Brasil;Ocasional;2022-08-27;2025-01-01;;S;S;2026-07-01 10:00:00;
116;CLI00116;Henrique Azevedo Oliveira;PJ;604.670.159-71;Masculino;26-35;2004-08-08;Recife;PE;Brasil;Recorrente;2021-12-24;2025-01-01;;S;S;2026-07-01 10:00:00;
117;CLI00117;William Azevedo Rocha;PF;264.960.428-69;Não informado;51+;2002-05-27;Recife;PE;Brasil;Ocasional;2022-08-13;2025-01-01;;S;S;2026-07-01 10:00:00;
118;CLI00118;Otávio Gomes Santos;PF;752.469.751-92;Feminino;18-25;1999-01-22;Curitiba;PR;Brasil;Premium;2022-02-21;2025-01-01;;S;S;2026-07-01 10:00:00;
119;CLI00119;Rafael Almeida Martins;PF;134.318.835-63;Não informado;26-35;1981-02-28;Curitiba;PR;Brasil;Ocasional;2022-05-06;2025-01-01;;S;S;2026-07-01 10:00:00;
120;CLI00120;Sofia Nascimento Martins;PF;390.545.450-64;Masculino;18-25;1978-05-12;Recife;PE;Brasil;Novo;2023-02-18;2025-01-01;;S;S;2026-07-01 10:00:00;
121;CLI00121;Sofia Pereira Azevedo;PJ;308.770.604-25;Masculino;26-35;1980-12-10;São Paulo;SP;Brasil;Atacado;2021-06-11;2025-01-01;;S;S;2026-07-01 10:00:00;
122;CLI00122;Carla Martins Silva;PJ;840.667.515-79;Não informado;18-25;1985-05-04;Serra;ES;Brasil;Premium;2023-12-10;2025-01-01;;S;S;2026-07-01 10:00:00;
123;CLI00123;Rafael Ferreira Martins;PF;907.612.656-88;Masculino;26-35;2000-11-23;Vitória;ES;Brasil;Recorrente;2024-10-13;2025-01-01;;S;S;2026-07-01 10:00:00;
124;CLI00124;Patrícia Gomes Martins;PF;203.779.285-14;Masculino;18-25;2001-01-12;São Paulo;SP;Brasil;Ocasional;2021-11-07;2025-01-01;;S;S;2026-07-01 10:00:00;
125;CLI00125;Isabela Azevedo Pereira;PF;531.135.426-12;Masculino;18-25;1991-10-17;Serra;ES;Brasil;Premium;2022-08-23;2025-01-01;;S;S;2026-07-01 10:00:00;
126;CLI00126;Vanessa Rocha Lima;PJ;557.168.114-97;Masculino;26-35;1990-07-18;Vitória;ES;Brasil;Premium;2021-05-23;2025-01-01;;S;S;2026-07-01 10:00:00;
127;CLI00127;Rafael Souza Lima;PF;741.115.537-10;Feminino;18-25;1965-04-28;Vitória;ES;Brasil;Recorrente;2022-05-10;2025-01-01;;S;S;2026-07-01 10:00:00;
128;CLI00128;Ana Pereira Rocha;PF;561.851.862-33;Feminino;36-50;2005-12-28;São Paulo;SP;Brasil;Varejo;2024-07-13;2025-01-01;;S;S;2026-07-01 10:00:00;
129;CLI00129;João Gomes Nascimento;PJ;571.785.360-16;Não informado;18-25;1960-01-01;Vitória;ES;Brasil;Novo;2023-04-05;2025-01-01;;S;S;2026-07-01 10:00:00;
130;CLI00130;João Rocha Ferreira;PF;981.954.598-87;Feminino;36-50;1983-10-24;Recife;PE;Brasil;Novo;2021-03-17;2025-01-01;;S;S;2026-07-01 10:00:00;
131;CLI00131;Felipe Oliveira Martins;PF;471.760.267-90;Masculino;51+;1984-08-09;Curitiba;PR;Brasil;Ocasional;2023-06-08;2025-01-01;;S;S;2026-07-01 10:00:00;
132;CLI00132;Bruno Ferreira Gomes;PJ;990.720.843-11;Feminino;36-50;1997-07-08;Salvador;BA;Brasil;Novo;2021-03-01;2025-01-01;;S;S;2026-07-01 10:00:00;
133;CLI00133;Natália Ferreira Martins;PF;926.562.390-98;Feminino;36-50;1976-05-14;São Paulo;SP;Brasil;Atacado;2024-10-07;2025-01-01;;S;S;2026-07-01 10:00:00;
134;CLI00134;João Azevedo Oliveira;PF;380.971.916-80;Não informado;51+;1982-09-03;Recife;PE;Brasil;Novo;2023-11-18;2025-01-01;;S;S;2026-07-01 10:00:00;
135;CLI00135;Henrique Pereira Ferreira;PF;793.504.576-36;Masculino;18-25;1984-08-18;Vitória;ES;Brasil;Atacado;2023-01-05;2025-01-01;;S;S;2026-07-01 10:00:00;
136;CLI00136;Carla Souza Rodrigues;PJ;953.634.428-71;Não informado;26-35;1972-04-07;Vitória;ES;Brasil;Recorrente;2021-01-27;2025-01-01;;S;S;2026-07-01 10:00:00;
137;CLI00137;João Costa Ferreira;PJ;512.898.629-29;Feminino;18-25;1991-06-28;Vitória;ES;Brasil;Ocasional;2021-06-16;2025-01-01;;S;S;2026-07-01 10:00:00;
138;CLI00138;Patrícia Martins Santos;PF;423.711.131-54;Masculino;18-25;1966-01-07;Recife;PE;Brasil;Atacado;2021-10-28;2025-01-01;;S;S;2026-07-01 10:00:00;
139;CLI00139;Gabriela Pereira Lima;PJ;536.199.557-85;Não informado;26-35;1976-01-11;Rio de Janeiro;RJ;Brasil;Recorrente;2022-11-19;2025-01-01;;S;S;2026-07-01 10:00:00;
140;CLI00140;Carla Silva Silva;PF;670.478.991-68;Masculino;18-25;1998-11-13;Vitória;ES;Brasil;Varejo;2024-07-01;2025-01-01;;S;S;2026-07-01 10:00:00;
141;CLI00141;Isabela Costa Ferreira;PF;756.191.785-74;Masculino;26-35;1988-03-12;Rio de Janeiro;RJ;Brasil;Varejo;2023-10-05;2025-01-01;;S;S;2026-07-01 10:00:00;
142;CLI00142;Felipe Silva Pereira;PJ;160.666.128-16;Masculino;51+;1963-02-05;Curitiba;PR;Brasil;Premium;2023-11-21;2025-01-01;;S;S;2026-07-01 10:00:00;
143;CLI00143;João Ferreira Ferreira;PJ;876.768.207-70;Masculino;36-50;1976-07-04;Curitiba;PR;Brasil;Novo;2022-11-16;2025-01-01;;S;S;2026-07-01 10:00:00;
144;CLI00144;Felipe Almeida Souza;PF;793.112.579-34;Feminino;26-35;1974-02-20;Curitiba;PR;Brasil;Varejo;2024-03-21;2025-01-01;;S;S;2026-07-01 10:00:00;
145;CLI00145;Patrícia Santos Lima;PJ;962.122.743-19;Masculino;36-50;1980-04-16;Vitória;ES;Brasil;Varejo;2022-12-14;2025-01-01;;S;S;2026-07-01 10:00:00;
146;CLI00146;Eduarda Costa Souza;PF;284.830.562-80;Feminino;51+;1969-05-14;Salvador;BA;Brasil;Recorrente;2024-02-18;2025-01-01;;S;S;2026-07-01 10:00:00;
147;CLI00147;Ana Pereira Ferreira;PJ;442.923.271-43;Masculino;18-25;1980-08-16;Vitória;ES;Brasil;Recorrente;2022-02-15;2025-01-01;;S;S;2026-07-01 10:00:00;
148;CLI00148;Bruno Gomes Lima;PF;673.588.955-46;Feminino;36-50;1972-06-14;Belo Horizonte;MG;Brasil;Recorrente;2023-09-02;2025-01-01;;S;S;2026-07-01 10:00:00;
149;CLI00149;Diego Rodrigues Pereira;PJ;266.158.952-47;Feminino;18-25;1988-09-11;São Paulo;SP;Brasil;Novo;2024-12-29;2025-01-01;;S;S;2026-07-01 10:00:00;
150;CLI00150;Sofia Pereira Oliveira;PJ;545.141.518-37;Masculino;26-35;1968-03-17;Rio de Janeiro;RJ;Brasil;Varejo;2024-01-08;2025-01-01;;S;S;2026-07-01 10:00:00;
151;CLI00151;Gabriela Ferreira Santos;PF;723.848.607-45;Feminino;26-35;1968-10-22;Rio de Janeiro;RJ;Brasil;Atacado;2023-04-12;2025-01-01;;S;S;2026-07-01 10:00:00;
152;CLI00152;Gabriela Silva Santos;PJ;961.838.156-76;Masculino;36-50;1978-11-28;Recife;PE;Brasil;Premium;2024-12-01;2025-01-01;;S;S;2026-07-01 10:00:00;
153;CLI00153;Otávio Lima Martins;PJ;236.992.781-44;Feminino;26-35;1996-06-02;São Paulo;SP;Brasil;Varejo;2022-12-03;2025-01-01;;S;S;2026-07-01 10:00:00;
154;CLI00154;Vanessa Ferreira Azevedo;PF;464.632.556-76;Feminino;18-25;1982-12-08;Curitiba;PR;Brasil;Varejo;2022-11-12;2025-01-01;;S;S;2026-07-01 10:00:00;
155;CLI00155;Vanessa Martins Lima;PF;398.993.210-73;Masculino;18-25;1993-09-05;Serra;ES;Brasil;Recorrente;2024-07-04;2025-01-01;;S;S;2026-07-01 10:00:00;
156;CLI00156;Henrique Ferreira Oliveira;PF;205.419.356-81;Feminino;18-25;1966-12-24;Rio de Janeiro;RJ;Brasil;Ocasional;2024-11-26;2025-01-01;;S;S;2026-07-01 10:00:00;
157;CLI00157;William Gomes Ferreira;PJ;635.344.819-66;Feminino;36-50;1966-12-06;Serra;ES;Brasil;Ocasional;2024-04-24;2025-01-01;;S;S;2026-07-01 10:00:00;
158;CLI00158;Patrícia Almeida Ferreira;PJ;212.224.224-61;Feminino;26-35;1974-03-22;Recife;PE;Brasil;Varejo;2022-10-12;2025-01-01;;S;S;2026-07-01 10:00:00;
159;CLI00159;Felipe Azevedo Silva;PJ;810.530.711-87;Não informado;18-25;1985-01-25;Curitiba;PR;Brasil;Ocasional;2022-10-04;2025-01-01;;S;S;2026-07-01 10:00:00;
160;CLI00160;Henrique Azevedo Costa;PJ;963.677.923-51;Masculino;18-25;1980-09-05;Curitiba;PR;Brasil;Recorrente;2022-08-21;2025-01-01;;S;S;2026-07-01 10:00:00;
161;CLI00161;Ana Costa Santos;PF;170.432.543-35;Não informado;18-25;1974-03-14;Salvador;BA;Brasil;Novo;2021-06-15;2025-01-01;;S;S;2026-07-01 10:00:00;
162;CLI00162;Bruno Martins Lima;PF;135.986.756-89;Masculino;36-50;2000-09-26;Serra;ES;Brasil;Atacado;2024-06-10;2025-01-01;;S;S;2026-07-01 10:00:00;
163;CLI00163;Isabela Santos Nascimento;PF;544.342.140-46;Feminino;36-50;1982-11-06;Vitória;ES;Brasil;Premium;2021-09-02;2025-01-01;;S;S;2026-07-01 10:00:00;
164;CLI00164;Sofia Lima Pereira;PF;577.704.646-28;Masculino;18-25;1992-03-10;Salvador;BA;Brasil;Atacado;2023-05-22;2025-01-01;;S;S;2026-07-01 10:00:00;
165;CLI00165;Isabela Souza Rocha;PF;858.659.394-68;Não informado;26-35;2001-07-07;Curitiba;PR;Brasil;Novo;2021-12-06;2025-01-01;;S;S;2026-07-01 10:00:00;
166;CLI00166;João Ferreira Almeida;PJ;938.417.131-41;Masculino;26-35;1972-09-18;Salvador;BA;Brasil;Atacado;2022-10-13;2025-01-01;;S;S;2026-07-01 10:00:00;
167;CLI00167;Ana Lima Costa;PF;982.344.431-81;Masculino;51+;1977-05-07;Belo Horizonte;MG;Brasil;Premium;2024-11-18;2025-01-01;;S;S;2026-07-01 10:00:00;
168;CLI00168;Felipe Nascimento Santos;PJ;550.773.163-76;Masculino;51+;1982-12-25;Vitória;ES;Brasil;Atacado;2023-09-28;2025-01-01;;S;S;2026-07-01 10:00:00;
169;CLI00169;Eduarda Rodrigues Costa;PJ;243.791.307-88;Não informado;36-50;1993-02-24;Recife;PE;Brasil;Ocasional;2021-06-20;2025-01-01;;S;S;2026-07-01 10:00:00;
170;CLI00170;Eduarda Rodrigues Azevedo;PF;104.520.884-80;Não informado;18-25;1991-07-19;São Paulo;SP;Brasil;Novo;2023-06-09;2025-01-01;;S;S;2026-07-01 10:00:00;
171;CLI00171;William Ferreira Santos;PJ;972.563.809-68;Masculino;36-50;1978-06-13;Salvador;BA;Brasil;Varejo;2023-03-14;2025-01-01;;S;S;2026-07-01 10:00:00;
172;CLI00172;Ana Martins Rocha;PJ;489.554.407-33;Não informado;36-50;1969-07-19;Salvador;BA;Brasil;Atacado;2023-09-14;2025-01-01;;S;S;2026-07-01 10:00:00;
173;CLI00173;Carla Azevedo Lima;PJ;431.963.722-41;Masculino;26-35;1987-01-01;Serra;ES;Brasil;Ocasional;2021-11-02;2025-01-01;;S;S;2026-07-01 10:00:00;
174;CLI00174;Rafael Pereira Lima;PJ;651.734.547-76;Não informado;51+;1984-08-12;Serra;ES;Brasil;Atacado;2021-03-19;2025-01-01;;S;S;2026-07-01 10:00:00;
175;CLI00175;Marcos Almeida Silva;PF;637.334.201-62;Masculino;51+;2001-09-19;São Paulo;SP;Brasil;Recorrente;2022-08-23;2025-01-01;;S;S;2026-07-01 10:00:00;
176;CLI00176;Rafael Rodrigues Almeida;PJ;808.642.864-21;Feminino;36-50;1980-06-03;Belo Horizonte;MG;Brasil;Atacado;2024-01-08;2025-01-01;;S;S;2026-07-01 10:00:00;
177;CLI00177;Diego Gomes Lima;PJ;806.451.940-75;Masculino;26-35;1993-05-27;Rio de Janeiro;RJ;Brasil;Atacado;2023-12-13;2025-01-01;;S;S;2026-07-01 10:00:00;
178;CLI00178;Otávio Oliveira Silva;PF;461.683.746-91;Não informado;18-25;2004-07-01;Serra;ES;Brasil;Ocasional;2021-01-07;2025-01-01;;S;S;2026-07-01 10:00:00;
179;CLI00179;Thiago Silva Lima;PJ;507.962.200-85;Feminino;18-25;1972-03-16;Belo Horizonte;MG;Brasil;Varejo;2022-01-09;2025-01-01;;S;S;2026-07-01 10:00:00;
180;CLI00180;Sofia Oliveira Ferreira;PF;520.716.224-28;Feminino;18-25;1961-02-03;São Paulo;SP;Brasil;Atacado;2022-04-03;2025-01-01;;S;S;2026-07-01 10:00:00;
181;CLI00181;Patrícia Ferreira Rodrigues;PF;765.112.800-84;Masculino;26-35;2005-04-12;Belo Horizonte;MG;Brasil;Recorrente;2024-10-26;2025-01-01;;S;S;2026-07-01 10:00:00;
182;CLI00182;Isabela Gomes Santos;PF;457.296.560-89;Masculino;18-25;1963-04-13;Serra;ES;Brasil;Novo;2024-09-12;2025-01-01;;S;S;2026-07-01 10:00:00;
183;CLI00183;William Souza Souza;PF;145.263.701-32;Masculino;18-25;1989-05-14;Belo Horizonte;MG;Brasil;Novo;2024-08-16;2025-01-01;;S;S;2026-07-01 10:00:00;
184;CLI00184;Henrique Gomes Rodrigues;PF;523.416.508-72;Feminino;26-35;1965-03-06;Curitiba;PR;Brasil;Novo;2023-12-16;2025-01-01;;S;S;2026-07-01 10:00:00;
185;CLI00185;Ana Lima Pereira;PJ;675.471.217-52;Não informado;51+;1981-07-21;Vitória;ES;Brasil;Premium;2022-08-21;2025-01-01;;S;S;2026-07-01 10:00:00;
186;CLI00186;Marcos Nascimento Souza;PJ;295.578.390-54;Feminino;51+;1962-05-22;Serra;ES;Brasil;Ocasional;2024-02-17;2025-01-01;;S;S;2026-07-01 10:00:00;
187;CLI00187;Henrique Rocha Oliveira;PF;301.376.657-26;Não informado;51+;1989-04-06;Curitiba;PR;Brasil;Ocasional;2023-10-16;2025-01-01;;S;S;2026-07-01 10:00:00;
188;CLI00188;Natália Rodrigues Gomes;PF;404.587.616-36;Feminino;51+;2003-03-23;Belo Horizonte;MG;Brasil;Atacado;2022-07-15;2025-01-01;;S;S;2026-07-01 10:00:00;
189;CLI00189;Vanessa Costa Nascimento;PF;513.722.622-37;Feminino;18-25;2003-09-03;Belo Horizonte;MG;Brasil;Varejo;2022-11-05;2025-01-01;;S;S;2026-07-01 10:00:00;
190;CLI00190;Ana Gomes Rocha;PF;418.115.499-21;Não informado;26-35;1974-06-07;Vitória;ES;Brasil;Premium;2021-11-08;2025-01-01;;S;S;2026-07-01 10:00:00;
191;CLI00191;Marcos Martins Nascimento;PJ;297.167.835-49;Feminino;26-35;1978-03-27;Salvador;BA;Brasil;Ocasional;2023-01-04;2025-01-01;;S;S;2026-07-01 10:00:00;
192;CLI00192;Natália Azevedo Lima;PJ;893.743.743-26;Masculino;26-35;1961-06-22;Curitiba;PR;Brasil;Novo;2024-11-11;2025-01-01;;S;S;2026-07-01 10:00:00;
193;CLI00193;Patrícia Souza Azevedo;PJ;460.743.200-33;Masculino;18-25;1977-10-24;Rio de Janeiro;RJ;Brasil;Varejo;2021-03-16;2025-01-01;;S;S;2026-07-01 10:00:00;
194;CLI00194;Bruno Rodrigues Silva;PF;541.302.875-48;Feminino;51+;1962-09-10;São Paulo;SP;Brasil;Atacado;2023-09-23;2025-01-01;;S;S;2026-07-01 10:00:00;
195;CLI00195;Vanessa Almeida Rocha;PJ;545.786.800-83;Masculino;18-25;1967-11-10;Serra;ES;Brasil;Atacado;2021-08-07;2025-01-01;;S;S;2026-07-01 10:00:00;
196;CLI00196;Bruno Souza Gomes;PF;138.910.426-36;Masculino;18-25;1986-12-24;Salvador;BA;Brasil;Varejo;2021-07-21;2025-01-01;;S;S;2026-07-01 10:00:00;
197;CLI00197;Henrique Pereira Nascimento;PF;457.534.553-53;Não informado;51+;1992-01-22;Rio de Janeiro;RJ;Brasil;Novo;2021-03-25;2025-01-01;;S;S;2026-07-01 10:00:00;
198;CLI00198;Sofia Azevedo Lima;PF;601.880.293-15;Não informado;36-50;1971-09-06;Rio de Janeiro;RJ;Brasil;Atacado;2023-07-18;2025-01-01;;S;S;2026-07-01 10:00:00;
199;CLI00199;Henrique Silva Oliveira;PJ;455.521.194-35;Não informado;36-50;1968-03-22;Recife;PE;Brasil;Varejo;2022-04-19;2025-01-01;;S;S;2026-07-01 10:00:00;
200;CLI00200;Henrique Rocha Souza;PF;627.808.555-27;Não informado;36-50;2004-05-05;São Paulo;SP;Brasil;Atacado;2021-11-05;2025-01-01;;S;S;2026-07-01 10:00:00;
201;CLI00201;Henrique Costa Gomes;PF;661.534.878-31;Não informado;26-35;1998-08-27;Salvador;BA;Brasil;Recorrente;2024-05-12;2025-01-01;;S;S;2026-07-01 10:00:00;
202;CLI00202;João Silva Costa;PJ;311.144.161-45;Masculino;26-35;1967-12-10;Recife;PE;Brasil;Premium;2024-02-06;2025-01-01;;S;S;2026-07-01 10:00:00;
203;CLI00203;Larissa Almeida Almeida;PJ;396.272.670-19;Feminino;18-25;1989-08-03;Curitiba;PR;Brasil;Varejo;2021-11-04;2025-01-01;;S;S;2026-07-01 10:00:00;
204;CLI00204;Isabela Santos Gomes;PJ;544.600.294-79;Masculino;18-25;1982-02-21;Belo Horizonte;MG;Brasil;Varejo;2021-07-25;2025-01-01;;S;S;2026-07-01 10:00:00;
205;CLI00205;Isabela Gomes Souza;PF;241.865.128-13;Masculino;26-35;1978-06-06;São Paulo;SP;Brasil;Premium;2020-12-21;2025-01-01;;S;S;2026-07-01 10:00:00;
206;CLI00206;João Rocha Ferreira;PJ;488.288.762-55;Masculino;26-35;1983-03-18;Curitiba;PR;Brasil;Ocasional;2023-08-30;2025-01-01;;S;S;2026-07-01 10:00:00;
207;CLI00207;Bruno Silva Santos;PJ;151.321.606-64;Masculino;26-35;1979-10-19;Vitória;ES;Brasil;Recorrente;2021-02-23;2025-01-01;;S;S;2026-07-01 10:00:00;
208;CLI00208;Henrique Oliveira Oliveira;PJ;752.511.191-15;Masculino;51+;1972-04-24;Curitiba;PR;Brasil;Premium;2024-10-28;2025-01-01;;S;S;2026-07-01 10:00:00;
209;CLI00209;William Azevedo Azevedo;PJ;246.390.173-94;Feminino;51+;1981-02-15;Serra;ES;Brasil;Varejo;2024-01-06;2025-01-01;;S;S;2026-07-01 10:00:00;
210;CLI00210;Felipe Rodrigues Pereira;PF;553.923.676-96;Masculino;26-35;1990-02-18;Curitiba;PR;Brasil;Atacado;2022-06-03;2025-01-01;;S;S;2026-07-01 10:00:00;
211;CLI00211;Otávio Nascimento Lima;PF;510.723.734-20;Feminino;36-50;1998-11-10;Salvador;BA;Brasil;Ocasional;2022-04-23;2025-01-01;;S;S;2026-07-01 10:00:00;
212;CLI00212;Eduarda Pereira Azevedo;PJ;643.748.128-34;Feminino;51+;2004-02-05;Curitiba;PR;Brasil;Atacado;2021-09-30;2025-01-01;;S;S;2026-07-01 10:00:00;
213;CLI00213;Otávio Costa Nascimento;PF;678.551.505-43;Feminino;26-35;1971-04-18;Vitória;ES;Brasil;Recorrente;2023-08-01;2025-01-01;;S;S;2026-07-01 10:00:00;
214;CLI00214;Diego Souza Nascimento;PJ;826.601.332-80;Masculino;26-35;1994-10-23;Vitória;ES;Brasil;Varejo;2022-02-15;2025-01-01;;S;S;2026-07-01 10:00:00;
215;CLI00215;Vanessa Ferreira Santos;PJ;795.175.919-66;Feminino;18-25;2000-12-17;Vitória;ES;Brasil;Novo;2021-02-27;2025-01-01;;S;S;2026-07-01 10:00:00;
216;CLI00216;Natália Nascimento Oliveira;PF;676.586.893-21;Feminino;36-50;1999-01-13;Rio de Janeiro;RJ;Brasil;Premium;2022-12-01;2025-01-01;;S;S;2026-07-01 10:00:00;
217;CLI00217;Bruno Silva Rocha;PF;570.407.223-27;Masculino;18-25;1999-04-19;Vitória;ES;Brasil;Varejo;2023-01-06;2025-01-01;;S;S;2026-07-01 10:00:00;
218;CLI00218;Felipe Costa Rocha;PJ;923.881.853-97;Feminino;36-50;1967-04-12;Curitiba;PR;Brasil;Varejo;2022-04-06;2025-01-01;;S;S;2026-07-01 10:00:00;
219;CLI00219;Bruno Azevedo Ferreira;PJ;202.464.662-51;Não informado;18-25;1962-11-08;Belo Horizonte;MG;Brasil;Ocasional;2023-12-03;2025-01-01;;S;S;2026-07-01 10:00:00;
220;CLI00220;Patrícia Silva Azevedo;PJ;216.910.121-72;Feminino;18-25;1976-03-05;Belo Horizonte;MG;Brasil;Varejo;2021-04-01;2025-01-01;;S;S;2026-07-01 10:00:00;
221;CLI00221;Natália Azevedo Oliveira;PJ;651.806.879-44;Masculino;18-25;1961-06-05;Recife;PE;Brasil;Atacado;2022-04-16;2025-01-01;;S;S;2026-07-01 10:00:00;
222;CLI00222;Bruno Martins Azevedo;PF;176.286.735-92;Não informado;51+;1990-03-23;Recife;PE;Brasil;Novo;2023-09-20;2025-01-01;;S;S;2026-07-01 10:00:00;
223;CLI00223;William Nascimento Santos;PJ;437.640.321-49;Feminino;18-25;1973-03-27;Curitiba;PR;Brasil;Varejo;2022-05-20;2025-01-01;;S;S;2026-07-01 10:00:00;
224;CLI00224;Larissa Ferreira Almeida;PJ;462.421.106-52;Não informado;51+;1981-04-01;Rio de Janeiro;RJ;Brasil;Novo;2021-08-04;2025-01-01;;S;S;2026-07-01 10:00:00;
225;CLI00225;Bruno Gomes Oliveira;PF;379.493.379-18;Não informado;36-50;1982-10-19;São Paulo;SP;Brasil;Varejo;2024-10-24;2025-01-01;;S;S;2026-07-01 10:00:00;
226;CLI00226;Thiago Lima Martins;PF;993.304.892-64;Não informado;18-25;1983-05-26;Rio de Janeiro;RJ;Brasil;Recorrente;2021-03-08;2025-01-01;;S;S;2026-07-01 10:00:00;
227;CLI00227;Carla Pereira Martins;PJ;857.471.621-91;Feminino;36-50;1995-12-13;Curitiba;PR;Brasil;Premium;2021-01-20;2025-01-01;;S;S;2026-07-01 10:00:00;
228;CLI00228;Larissa Gomes Costa;PJ;615.476.349-40;Masculino;26-35;1968-04-01;Recife;PE;Brasil;Novo;2022-07-04;2025-01-01;;S;S;2026-07-01 10:00:00;
229;CLI00229;Natália Ferreira Martins;PJ;272.700.167-28;Masculino;36-50;1976-12-19;Curitiba;PR;Brasil;Premium;2023-12-09;2025-01-01;;S;S;2026-07-01 10:00:00;
230;CLI00230;Vanessa Lima Santos;PF;411.694.461-69;Masculino;51+;2006-02-27;Recife;PE;Brasil;Ocasional;2024-01-09;2025-01-01;;S;S;2026-07-01 10:00:00;
231;CLI00231;Isabela Lima Pereira;PF;876.268.741-44;Feminino;18-25;1973-01-13;Recife;PE;Brasil;Recorrente;2021-08-16;2025-01-01;;S;S;2026-07-01 10:00:00;
232;CLI00232;João Azevedo Nascimento;PF;301.347.851-17;Feminino;18-25;1965-02-26;Curitiba;PR;Brasil;Varejo;2024-03-28;2025-01-01;;S;S;2026-07-01 10:00:00;
233;CLI00233;Ana Souza Pereira;PF;755.430.128-37;Masculino;36-50;1961-11-16;Salvador;BA;Brasil;Atacado;2021-03-13;2025-01-01;;S;S;2026-07-01 10:00:00;
234;CLI00234;Larissa Oliveira Silva;PJ;915.146.189-90;Não informado;36-50;1991-10-13;Belo Horizonte;MG;Brasil;Novo;2024-12-05;2025-01-01;;S;S;2026-07-01 10:00:00;
235;CLI00235;Ana Lima Costa;PJ;157.525.728-52;Feminino;18-25;1961-03-07;São Paulo;SP;Brasil;Atacado;2024-07-01;2025-01-01;;S;S;2026-07-01 10:00:00;
236;CLI00236;Marcos Azevedo Costa;PJ;452.651.796-85;Não informado;26-35;2002-10-19;Curitiba;PR;Brasil;Recorrente;2021-07-14;2025-01-01;;S;S;2026-07-01 10:00:00;
237;CLI00237;Isabela Azevedo Rocha;PJ;881.132.894-92;Masculino;51+;1995-05-12;Belo Horizonte;MG;Brasil;Recorrente;2023-08-03;2025-01-01;;S;S;2026-07-01 10:00:00;
238;CLI00238;Ana Nascimento Almeida;PF;771.928.892-56;Feminino;26-35;1985-02-01;São Paulo;SP;Brasil;Premium;2024-08-31;2025-01-01;;S;S;2026-07-01 10:00:00;
239;CLI00239;Thiago Nascimento Souza;PF;365.720.474-29;Feminino;26-35;1993-01-12;Rio de Janeiro;RJ;Brasil;Novo;2022-03-17;2025-01-01;;S;S;2026-07-01 10:00:00;
240;CLI00240;Gabriela Gomes Lima;PJ;919.498.571-37;Masculino;18-25;1966-11-24;Serra;ES;Brasil;Premium;2021-05-21;2025-01-01;;S;S;2026-07-01 10:00:00;
241;CLI00241;Natália Gomes Azevedo;PJ;161.333.677-58;Masculino;51+;2002-11-28;Rio de Janeiro;RJ;Brasil;Premium;2023-08-05;2025-01-01;;S;S;2026-07-01 10:00:00;
242;CLI00242;Ana Pereira Rocha;PJ;347.336.462-36;Masculino;51+;2001-05-10;Recife;PE;Brasil;Recorrente;2021-10-23;2025-01-01;;S;S;2026-07-01 10:00:00;
243;CLI00243;Felipe Almeida Azevedo;PJ;869.239.942-48;Masculino;18-25;1981-01-16;Rio de Janeiro;RJ;Brasil;Recorrente;2023-03-19;2025-01-01;;S;S;2026-07-01 10:00:00;
244;CLI00244;William Ferreira Almeida;PF;693.153.900-36;Não informado;36-50;1962-08-06;Salvador;BA;Brasil;Recorrente;2023-05-03;2025-01-01;;S;S;2026-07-01 10:00:00;
245;CLI00245;Ana Martins Santos;PF;109.236.409-29;Não informado;36-50;1966-03-15;Salvador;BA;Brasil;Premium;2022-09-06;2025-01-01;;S;S;2026-07-01 10:00:00;
246;CLI00246;Larissa Gomes Lima;PJ;443.133.699-40;Feminino;18-25;1962-03-17;Rio de Janeiro;RJ;Brasil;Atacado;2022-08-04;2025-01-01;;S;S;2026-07-01 10:00:00;
247;CLI00247;Diego Rocha Silva;PF;424.166.999-24;Feminino;51+;1968-09-14;Serra;ES;Brasil;Recorrente;2023-10-01;2025-01-01;;S;S;2026-07-01 10:00:00;
248;CLI00248;Thiago Oliveira Gomes;PF;642.462.959-73;Feminino;36-50;1973-04-24;Vitória;ES;Brasil;Ocasional;2021-01-22;2025-01-01;;S;S;2026-07-01 10:00:00;
249;CLI00249;Felipe Silva Pereira;PJ;170.144.301-75;Feminino;51+;1995-06-09;Serra;ES;Brasil;Ocasional;2021-02-22;2025-01-01;;S;S;2026-07-01 10:00:00;
250;CLI00250;Bruno Gomes Almeida;PJ;661.438.806-62;Não informado;36-50;1985-07-11;Salvador;BA;Brasil;Novo;2024-02-27;2025-01-01;;S;S;2026-07-01 10:00:00;
251;CLI00251;Natália Martins Rodrigues;PJ;923.246.750-10;Feminino;36-50;2004-10-24;Salvador;BA;Brasil;Recorrente;2023-11-22;2025-01-01;;S;S;2026-07-01 10:00:00;
252;CLI00252;Diego Santos Azevedo;PF;833.150.515-98;Não informado;36-50;2003-11-15;Curitiba;PR;Brasil;Novo;2021-10-06;2025-01-01;;S;S;2026-07-01 10:00:00;
253;CLI00253;Ana Almeida Rocha;PJ;622.450.706-79;Masculino;26-35;2000-12-28;Salvador;BA;Brasil;Ocasional;2021-01-04;2025-01-01;;S;S;2026-07-01 10:00:00;
254;CLI00254;Carla Rodrigues Nascimento;PJ;727.775.793-51;Feminino;26-35;1999-05-09;Recife;PE;Brasil;Varejo;2023-01-20;2025-01-01;;S;S;2026-07-01 10:00:00;
255;CLI00255;Sofia Ferreira Almeida;PF;245.167.875-77;Masculino;26-35;1993-03-27;Curitiba;PR;Brasil;Recorrente;2021-03-24;2025-01-01;;S;S;2026-07-01 10:00:00;
256;CLI00256;Felipe Oliveira Azevedo;PJ;281.755.947-93;Feminino;36-50;1984-06-27;Salvador;BA;Brasil;Premium;2022-09-15;2025-01-01;;S;S;2026-07-01 10:00:00;
257;CLI00257;Eduarda Rocha Pereira;PJ;205.473.465-94;Não informado;36-50;1988-11-03;Belo Horizonte;MG;Brasil;Novo;2023-05-18;2025-01-01;;S;S;2026-07-01 10:00:00;
258;CLI00258;Patrícia Rocha Santos;PJ;749.589.848-32;Não informado;26-35;1960-11-05;Curitiba;PR;Brasil;Novo;2022-01-31;2025-01-01;;S;S;2026-07-01 10:00:00;
259;CLI00259;Henrique Ferreira Costa;PJ;920.490.358-12;Não informado;26-35;1960-10-09;Serra;ES;Brasil;Atacado;2024-01-02;2025-01-01;;S;S;2026-07-01 10:00:00;
260;CLI00260;João Rocha Nascimento;PJ;431.361.347-43;Masculino;18-25;1993-11-16;Vitória;ES;Brasil;Recorrente;2024-04-14;2025-01-01;;S;S;2026-07-01 10:00:00;
261;CLI00261;Otávio Martins Pereira;PJ;144.834.553-58;Masculino;18-25;2005-05-14;Salvador;BA;Brasil;Varejo;2021-08-06;2025-01-01;;S;S;2026-07-01 10:00:00;
262;CLI00262;Isabela Costa Souza;PJ;970.692.232-89;Feminino;36-50;1964-11-07;Curitiba;PR;Brasil;Premium;2024-07-22;2025-01-01;;S;S;2026-07-01 10:00:00;
263;CLI00263;Patrícia Rodrigues Rodrigues;PJ;608.758.875-13;Feminino;51+;1989-12-27;Salvador;BA;Brasil;Novo;2022-05-08;2025-01-01;;S;S;2026-07-01 10:00:00;
264;CLI00264;Felipe Lima Santos;PJ;507.603.238-75;Feminino;26-35;1972-07-18;Serra;ES;Brasil;Varejo;2023-05-10;2025-01-01;;S;S;2026-07-01 10:00:00;
265;CLI00265;Thiago Costa Martins;PJ;888.570.220-21;Feminino;18-25;1996-01-04;Recife;PE;Brasil;Premium;2023-10-18;2025-01-01;;S;S;2026-07-01 10:00:00;
266;CLI00266;Vanessa Almeida Silva;PF;828.443.594-17;Não informado;51+;1997-03-14;Serra;ES;Brasil;Varejo;2024-03-09;2025-01-01;;S;S;2026-07-01 10:00:00;
267;CLI00267;Larissa Costa Souza;PF;290.651.381-76;Masculino;18-25;1980-07-09;Belo Horizonte;MG;Brasil;Atacado;2022-10-16;2025-01-01;;S;S;2026-07-01 10:00:00;
268;CLI00268;Sofia Lima Rodrigues;PF;414.411.354-58;Masculino;36-50;1979-04-05;Serra;ES;Brasil;Recorrente;2021-12-29;2025-01-01;;S;S;2026-07-01 10:00:00;
269;CLI00269;Marcos Lima Almeida;PJ;826.697.244-56;Masculino;26-35;1989-12-18;Serra;ES;Brasil;Varejo;2023-03-30;2025-01-01;;S;S;2026-07-01 10:00:00;
270;CLI00270;Ana Nascimento Santos;PJ;678.943.431-14;Masculino;26-35;1988-05-07;Rio de Janeiro;RJ;Brasil;Atacado;2021-07-31;2025-01-01;;S;S;2026-07-01 10:00:00;
271;CLI00271;Patrícia Rodrigues Lima;PJ;308.999.308-17;Feminino;51+;2000-02-02;São Paulo;SP;Brasil;Premium;2021-08-29;2025-01-01;;S;S;2026-07-01 10:00:00;
272;CLI00272;Rafael Oliveira Silva;PF;610.326.790-96;Não informado;36-50;1973-09-27;São Paulo;SP;Brasil;Recorrente;2020-12-29;2025-01-01;;S;S;2026-07-01 10:00:00;
273;CLI00273;Gabriela Nascimento Santos;PJ;197.306.903-21;Feminino;51+;1974-11-27;Belo Horizonte;MG;Brasil;Varejo;2022-07-10;2025-01-01;;S;S;2026-07-01 10:00:00;
274;CLI00274;Otávio Oliveira Azevedo;PF;812.236.142-30;Masculino;36-50;1974-10-26;Curitiba;PR;Brasil;Varejo;2021-11-10;2025-01-01;;S;S;2026-07-01 10:00:00;
275;CLI00275;Eduarda Pereira Lima;PJ;432.661.961-37;Feminino;26-35;1985-01-11;Salvador;BA;Brasil;Recorrente;2021-05-30;2025-01-01;;S;S;2026-07-01 10:00:00;
276;CLI00276;João Souza Gomes;PF;302.575.252-33;Masculino;36-50;2003-07-04;Serra;ES;Brasil;Ocasional;2024-04-26;2025-01-01;;S;S;2026-07-01 10:00:00;
277;CLI00277;Gabriela Gomes Nascimento;PF;397.601.456-12;Masculino;18-25;1972-08-09;Belo Horizonte;MG;Brasil;Atacado;2021-09-24;2025-01-01;;S;S;2026-07-01 10:00:00;
278;CLI00278;Thiago Martins Santos;PF;243.581.377-39;Não informado;36-50;1962-10-20;Vitória;ES;Brasil;Premium;2023-01-27;2025-01-01;;S;S;2026-07-01 10:00:00;
279;CLI00279;Gabriela Oliveira Gomes;PJ;151.276.441-54;Masculino;51+;1975-06-24;Curitiba;PR;Brasil;Recorrente;2024-05-22;2025-01-01;;S;S;2026-07-01 10:00:00;
280;CLI00280;João Martins Santos;PJ;197.864.664-24;Feminino;51+;1989-01-02;Serra;ES;Brasil;Atacado;2021-10-03;2025-01-01;;S;S;2026-07-01 10:00:00;
281;CLI00281;Diego Rodrigues Gomes;PF;525.691.957-55;Feminino;36-50;2006-11-24;São Paulo;SP;Brasil;Ocasional;2024-01-20;2025-01-01;;S;S;2026-07-01 10:00:00;
282;CLI00282;Carla Costa Silva;PJ;410.252.367-22;Feminino;26-35;1967-03-16;Belo Horizonte;MG;Brasil;Atacado;2021-12-20;2025-01-01;;S;S;2026-07-01 10:00:00;
283;CLI00283;Diego Costa Almeida;PF;267.682.648-15;Não informado;36-50;1983-04-10;Salvador;BA;Brasil;Atacado;2023-11-12;2025-01-01;;S;S;2026-07-01 10:00:00;
284;CLI00284;Eduarda Lima Souza;PF;197.115.208-16;Masculino;26-35;2004-12-08;Vitória;ES;Brasil;Recorrente;2024-02-22;2025-01-01;;S;S;2026-07-01 10:00:00;
285;CLI00285;Isabela Silva Rodrigues;PJ;739.630.212-47;Não informado;18-25;1965-11-19;Rio de Janeiro;RJ;Brasil;Recorrente;2023-08-22;2025-01-01;;S;S;2026-07-01 10:00:00;
286;CLI00286;William Martins Martins;PF;941.351.174-86;Masculino;18-25;1962-04-20;São Paulo;SP;Brasil;Ocasional;2023-02-01;2025-01-01;;S;S;2026-07-01 10:00:00;
287;CLI00287;Carla Martins Martins;PJ;706.287.111-50;Masculino;51+;1962-02-26;Rio de Janeiro;RJ;Brasil;Recorrente;2022-02-19;2025-01-01;;S;S;2026-07-01 10:00:00;
288;CLI00288;Felipe Oliveira Martins;PJ;888.243.308-35;Feminino;36-50;2005-02-01;Recife;PE;Brasil;Premium;2022-03-20;2025-01-01;;S;S;2026-07-01 10:00:00;
289;CLI00289;Sofia Martins Costa;PF;869.717.751-18;Feminino;18-25;1983-07-03;Curitiba;PR;Brasil;Atacado;2024-02-04;2025-01-01;;S;S;2026-07-01 10:00:00;
290;CLI00290;Rafael Gomes Martins;PJ;238.365.948-98;Masculino;18-25;1989-11-19;São Paulo;SP;Brasil;Novo;2022-11-03;2025-01-01;;S;S;2026-07-01 10:00:00;
291;CLI00291;Sofia Pereira Rocha;PF;169.901.906-42;Feminino;26-35;1972-10-15;Rio de Janeiro;RJ;Brasil;Novo;2021-10-12;2025-01-01;;S;S;2026-07-01 10:00:00;
292;CLI00292;Bruno Rodrigues Gomes;PJ;912.741.799-53;Masculino;51+;1965-04-21;Curitiba;PR;Brasil;Varejo;2021-09-01;2025-01-01;;S;S;2026-07-01 10:00:00;
293;CLI00293;Otávio Martins Pereira;PF;407.600.718-12;Feminino;51+;1986-07-20;Belo Horizonte;MG;Brasil;Novo;2024-03-09;2025-01-01;;S;S;2026-07-01 10:00:00;
294;CLI00294;Larissa Nascimento Souza;PF;462.503.964-69;Não informado;18-25;1978-06-03;Belo Horizonte;MG;Brasil;Recorrente;2021-01-26;2025-01-01;;S;S;2026-07-01 10:00:00;
295;CLI00295;Patrícia Rodrigues Gomes;PF;223.321.799-90;Feminino;51+;1971-07-09;Curitiba;PR;Brasil;Recorrente;2022-12-21;2025-01-01;;S;S;2026-07-01 10:00:00;
296;CLI00296;Felipe Souza Costa;PJ;415.611.426-74;Não informado;26-35;1970-07-17;Serra;ES;Brasil;Premium;2024-01-08;2025-01-01;;S;S;2026-07-01 10:00:00;
297;CLI00297;Diego Souza Almeida;PJ;854.460.792-22;Não informado;51+;1968-05-22;Salvador;BA;Brasil;Premium;2022-02-13;2025-01-01;;S;S;2026-07-01 10:00:00;
298;CLI00298;William Costa Almeida;PJ;402.470.412-94;Não informado;51+;1993-11-02;Recife;PE;Brasil;Novo;2022-12-19;2025-01-01;;S;S;2026-07-01 10:00:00;
299;CLI00299;Ana Silva Lima;PF;670.486.558-49;Não informado;26-35;2006-10-24;Recife;PE;Brasil;Premium;2023-03-07;2025-01-01;;S;S;2026-07-01 10:00:00;
300;CLI00300;Rafael Oliveira Silva;PJ;247.292.701-83;Não informado;18-25;1985-03-24;Belo Horizonte;MG;Brasil;Varejo;2023-08-25;2025-01-01;;S;S;2026-07-01 10:00:00;
301;CLI00301;João Martins Nascimento;PF;530.661.517-93;Feminino;51+;1991-12-12;Belo Horizonte;MG;Brasil;Ocasional;2024-02-05;2025-01-01;;S;S;2026-07-01 10:00:00;
302;CLI00302;Vanessa Almeida Azevedo;PF;912.645.455-27;Feminino;18-25;1970-05-24;São Paulo;SP;Brasil;Varejo;2023-04-04;2025-01-01;;S;S;2026-07-01 10:00:00;
303;CLI00303;Bruno Ferreira Pereira;PJ;895.468.810-33;Masculino;36-50;1990-04-20;Curitiba;PR;Brasil;Novo;2022-09-29;2025-01-01;;S;S;2026-07-01 10:00:00;
304;CLI00304;Diego Gomes Pereira;PJ;503.427.494-70;Masculino;18-25;1973-10-15;Salvador;BA;Brasil;Varejo;2024-02-09;2025-01-01;;S;S;2026-07-01 10:00:00;
305;CLI00305;Larissa Silva Oliveira;PJ;875.648.581-94;Não informado;51+;1964-05-13;Curitiba;PR;Brasil;Varejo;2022-10-14;2025-01-01;;S;S;2026-07-01 10:00:00;
306;CLI00306;Sofia Martins Pereira;PF;365.560.889-11;Feminino;36-50;1982-10-12;Belo Horizonte;MG;Brasil;Recorrente;2024-08-11;2025-01-01;;S;S;2026-07-01 10:00:00;
307;CLI00307;Thiago Santos Martins;PJ;954.927.828-24;Masculino;26-35;2001-03-24;Vitória;ES;Brasil;Novo;2022-10-17;2025-01-01;;S;S;2026-07-01 10:00:00;
308;CLI00308;Larissa Rodrigues Rodrigues;PJ;925.444.458-33;Não informado;26-35;1994-12-17;Salvador;BA;Brasil;Varejo;2023-05-21;2025-01-01;;S;S;2026-07-01 10:00:00;
309;CLI00309;Eduarda Souza Costa;PF;523.168.614-10;Não informado;26-35;1996-07-13;Rio de Janeiro;RJ;Brasil;Atacado;2020-12-01;2025-01-01;;S;S;2026-07-01 10:00:00;
310;CLI00310;Isabela Martins Azevedo;PF;254.327.787-40;Não informado;18-25;1978-01-24;Salvador;BA;Brasil;Ocasional;2024-04-08;2025-01-01;;S;S;2026-07-01 10:00:00;
311;CLI00311;Natália Ferreira Lima;PJ;829.168.890-87;Não informado;36-50;1998-04-08;Belo Horizonte;MG;Brasil;Premium;2022-12-27;2025-01-01;;S;S;2026-07-01 10:00:00;
312;CLI00312;Vanessa Lima Martins;PF;468.123.816-76;Feminino;18-25;1980-04-01;Recife;PE;Brasil;Varejo;2024-03-23;2025-01-01;;S;S;2026-07-01 10:00:00;
313;CLI00313;Patrícia Pereira Nascimento;PF;556.704.668-86;Feminino;18-25;1994-08-04;Recife;PE;Brasil;Recorrente;2023-05-10;2025-01-01;;S;S;2026-07-01 10:00:00;
314;CLI00314;Larissa Costa Nascimento;PF;323.669.912-36;Masculino;18-25;1974-03-01;Belo Horizonte;MG;Brasil;Novo;2022-11-27;2025-01-01;;S;S;2026-07-01 10:00:00;
315;CLI00315;Carla Gomes Pereira;PF;698.215.509-59;Não informado;51+;1974-11-28;Serra;ES;Brasil;Ocasional;2022-01-09;2025-01-01;;S;S;2026-07-01 10:00:00;
316;CLI00316;Larissa Gomes Pereira;PF;757.589.689-27;Masculino;51+;2003-12-20;Recife;PE;Brasil;Recorrente;2023-02-02;2025-01-01;;S;S;2026-07-01 10:00:00;
317;CLI00317;William Souza Santos;PJ;269.389.877-34;Feminino;18-25;1988-04-26;Rio de Janeiro;RJ;Brasil;Ocasional;2023-11-16;2025-01-01;;S;S;2026-07-01 10:00:00;
318;CLI00318;Thiago Martins Rocha;PJ;865.905.123-88;Não informado;18-25;1964-06-07;Salvador;BA;Brasil;Premium;2021-05-29;2025-01-01;;S;S;2026-07-01 10:00:00;
319;CLI00319;Thiago Pereira Nascimento;PJ;742.267.678-90;Masculino;36-50;1979-02-02;São Paulo;SP;Brasil;Varejo;2023-01-05;2025-01-01;;S;S;2026-07-01 10:00:00;
320;CLI00320;Otávio Lima Silva;PJ;891.204.451-23;Feminino;36-50;1990-08-03;Curitiba;PR;Brasil;Ocasional;2022-05-02;2025-01-01;;S;S;2026-07-01 10:00:00;
321;CLI00321;Eduarda Azevedo Santos;PJ;620.498.314-55;Masculino;18-25;1972-12-09;Salvador;BA;Brasil;Varejo;2020-12-07;2025-01-01;;S;S;2026-07-01 10:00:00;
322;CLI00322;Natália Oliveira Martins;PJ;237.241.113-24;Feminino;51+;1961-01-27;Vitória;ES;Brasil;Novo;2024-10-05;2025-01-01;;S;S;2026-07-01 10:00:00;
323;CLI00323;Gabriela Lima Ferreira;PF;979.431.446-89;Não informado;51+;1991-11-07;Serra;ES;Brasil;Recorrente;2023-11-10;2025-01-01;;S;S;2026-07-01 10:00:00;
324;CLI00324;Marcos Rodrigues Lima;PF;200.705.998-26;Feminino;51+;1989-10-19;Recife;PE;Brasil;Premium;2021-10-22;2025-01-01;;S;S;2026-07-01 10:00:00;
325;CLI00325;Bruno Azevedo Almeida;PF;509.767.789-40;Não informado;51+;2004-08-20;São Paulo;SP;Brasil;Premium;2022-03-19;2025-01-01;;S;S;2026-07-01 10:00:00;
326;CLI00326;William Rodrigues Santos;PF;919.334.105-60;Não informado;26-35;2000-12-24;Serra;ES;Brasil;Recorrente;2024-06-23;2025-01-01;;S;S;2026-07-01 10:00:00;
327;CLI00327;Gabriela Martins Silva;PF;577.149.511-40;Feminino;18-25;1995-11-19;Salvador;BA;Brasil;Ocasional;2024-10-09;2025-01-01;;S;S;2026-07-01 10:00:00;
328;CLI00328;Eduarda Almeida Silva;PJ;875.206.877-22;Feminino;26-35;1993-03-20;Curitiba;PR;Brasil;Premium;2022-02-22;2025-01-01;;S;S;2026-07-01 10:00:00;
329;CLI00329;Natália Lima Lima;PF;173.971.130-81;Não informado;18-25;1992-09-20;Vitória;ES;Brasil;Varejo;2024-09-12;2025-01-01;;S;S;2026-07-01 10:00:00;
330;CLI00330;Thiago Ferreira Pereira;PJ;506.786.107-81;Não informado;26-35;1961-03-27;Recife;PE;Brasil;Recorrente;2024-04-26;2025-01-01;;S;S;2026-07-01 10:00:00;
331;CLI00331;Gabriela Gomes Rodrigues;PF;727.188.659-76;Masculino;18-25;1965-12-08;Vitória;ES;Brasil;Premium;2022-12-11;2025-01-01;;S;S;2026-07-01 10:00:00;
332;CLI00332;Isabela Pereira Pereira;PJ;251.605.720-83;Masculino;26-35;1960-02-03;Serra;ES;Brasil;Premium;2021-03-05;2025-01-01;;S;S;2026-07-01 10:00:00;
333;CLI00333;William Souza Nascimento;PJ;566.517.725-83;Não informado;26-35;2006-02-01;Serra;ES;Brasil;Varejo;2020-11-30;2025-01-01;;S;S;2026-07-01 10:00:00;
334;CLI00334;Ana Gomes Gomes;PF;970.541.920-17;Feminino;36-50;1988-05-23;São Paulo;SP;Brasil;Ocasional;2023-04-27;2025-01-01;;S;S;2026-07-01 10:00:00;
335;CLI00335;Marcos Silva Costa;PJ;196.266.553-30;Não informado;51+;1999-06-09;Rio de Janeiro;RJ;Brasil;Premium;2022-09-10;2025-01-01;;S;S;2026-07-01 10:00:00;
336;CLI00336;Thiago Silva Costa;PF;657.465.935-52;Feminino;26-35;1981-02-18;São Paulo;SP;Brasil;Premium;2024-10-21;2025-01-01;;S;S;2026-07-01 10:00:00;
337;CLI00337;Larissa Rodrigues Gomes;PJ;475.165.650-25;Masculino;26-35;1973-09-02;Rio de Janeiro;RJ;Brasil;Novo;2022-02-04;2025-01-01;;S;S;2026-07-01 10:00:00;
338;CLI00338;Carla Gomes Souza;PF;394.873.113-43;Masculino;18-25;1971-10-15;São Paulo;SP;Brasil;Varejo;2023-05-30;2025-01-01;;S;S;2026-07-01 10:00:00;
339;CLI00339;Natália Souza Costa;PJ;128.193.807-36;Não informado;36-50;1999-11-21;São Paulo;SP;Brasil;Varejo;2024-08-12;2025-01-01;;S;S;2026-07-01 10:00:00;
340;CLI00340;William Santos Rocha;PJ;411.179.165-18;Não informado;18-25;1964-06-03;São Paulo;SP;Brasil;Atacado;2024-05-15;2025-01-01;;S;S;2026-07-01 10:00:00;
341;CLI00341;Rafael Gomes Nascimento;PJ;887.560.282-22;Masculino;36-50;1985-07-23;São Paulo;SP;Brasil;Novo;2020-12-02;2025-01-01;;S;S;2026-07-01 10:00:00;
342;CLI00342;Diego Azevedo Lima;PJ;450.430.952-36;Feminino;51+;1974-02-28;Rio de Janeiro;RJ;Brasil;Ocasional;2021-03-30;2025-01-01;;S;S;2026-07-01 10:00:00;
343;CLI00343;Larissa Pereira Ferreira;PF;965.294.174-21;Feminino;36-50;2002-05-06;Serra;ES;Brasil;Recorrente;2022-04-22;2025-01-01;;S;S;2026-07-01 10:00:00;
344;CLI00344;Diego Azevedo Silva;PJ;360.767.191-82;Não informado;26-35;1963-02-10;Serra;ES;Brasil;Ocasional;2024-04-10;2025-01-01;;S;S;2026-07-01 10:00:00;
345;CLI00345;Marcos Costa Nascimento;PF;241.478.906-42;Masculino;36-50;1970-09-22;Vitória;ES;Brasil;Recorrente;2024-01-28;2025-01-01;;S;S;2026-07-01 10:00:00;
346;CLI00346;João Martins Rodrigues;PF;329.764.298-38;Masculino;36-50;1975-11-16;Belo Horizonte;MG;Brasil;Premium;2024-09-20;2025-01-01;;S;S;2026-07-01 10:00:00;
347;CLI00347;Diego Gomes Rodrigues;PJ;340.388.130-70;Masculino;51+;1967-02-15;Recife;PE;Brasil;Premium;2022-09-26;2025-01-01;;S;S;2026-07-01 10:00:00;
348;CLI00348;Diego Almeida Almeida;PF;336.536.550-17;Feminino;26-35;1964-05-12;Recife;PE;Brasil;Novo;2023-08-31;2025-01-01;;S;S;2026-07-01 10:00:00;
349;CLI00349;Larissa Nascimento Silva;PF;621.327.595-37;Não informado;51+;1967-01-14;Serra;ES;Brasil;Recorrente;2022-01-29;2025-01-01;;S;S;2026-07-01 10:00:00;
350;CLI00350;Felipe Nascimento Azevedo;PJ;317.203.185-71;Masculino;51+;1989-12-05;Vitória;ES;Brasil;Novo;2021-06-19;2025-01-01;;S;S;2026-07-01 10:00:00;
351;CLI00351;Larissa Santos Souza;PJ;778.908.469-18;Feminino;51+;1990-05-06;Serra;ES;Brasil;Varejo;2021-05-05;2025-01-01;;S;S;2026-07-01 10:00:00;
352;CLI00352;Sofia Lima Silva;PJ;803.858.132-78;Não informado;26-35;1991-11-20;São Paulo;SP;Brasil;Varejo;2022-12-17;2025-01-01;;S;S;2026-07-01 10:00:00;
353;CLI00353;Eduarda Rodrigues Martins;PJ;858.142.977-57;Não informado;26-35;2004-04-01;Recife;PE;Brasil;Varejo;2024-07-18;2025-01-01;;S;S;2026-07-01 10:00:00;
354;CLI00354;Patrícia Souza Azevedo;PF;392.549.243-34;Masculino;36-50;1997-04-03;Salvador;BA;Brasil;Premium;2021-03-13;2025-01-01;;S;S;2026-07-01 10:00:00;
355;CLI00355;Felipe Silva Costa;PJ;338.167.588-57;Não informado;51+;2003-04-20;Rio de Janeiro;RJ;Brasil;Recorrente;2022-05-14;2025-01-01;;S;S;2026-07-01 10:00:00;
356;CLI00356;Gabriela Pereira Martins;PJ;377.331.873-51;Feminino;51+;1971-06-14;Serra;ES;Brasil;Atacado;2022-11-28;2025-01-01;;S;S;2026-07-01 10:00:00;
357;CLI00357;Felipe Souza Azevedo;PF;258.722.931-43;Não informado;51+;1990-09-18;Salvador;BA;Brasil;Recorrente;2023-07-17;2025-01-01;;S;S;2026-07-01 10:00:00;
358;CLI00358;Henrique Nascimento Santos;PJ;526.252.240-76;Feminino;36-50;1963-03-08;Salvador;BA;Brasil;Recorrente;2024-07-21;2025-01-01;;S;S;2026-07-01 10:00:00;
359;CLI00359;Vanessa Azevedo Almeida;PJ;359.683.777-38;Feminino;36-50;2005-07-04;Serra;ES;Brasil;Novo;2024-06-02;2025-01-01;;S;S;2026-07-01 10:00:00;
360;CLI00360;Ana Lima Pereira;PF;395.871.279-27;Masculino;18-25;1993-07-28;Belo Horizonte;MG;Brasil;Varejo;2021-05-04;2025-01-01;;S;S;2026-07-01 10:00:00;
361;CLI00361;Sofia Ferreira Santos;PJ;349.611.773-77;Não informado;36-50;1993-09-07;Salvador;BA;Brasil;Premium;2021-09-07;2025-01-01;;S;S;2026-07-01 10:00:00;
362;CLI00362;Isabela Ferreira Rodrigues;PF;980.808.361-92;Feminino;51+;1983-09-09;Vitória;ES;Brasil;Varejo;2024-09-07;2025-01-01;;S;S;2026-07-01 10:00:00;
363;CLI00363;William Gomes Almeida;PF;788.435.918-11;Masculino;51+;1981-11-25;São Paulo;SP;Brasil;Novo;2023-03-09;2025-01-01;;S;S;2026-07-01 10:00:00;
364;CLI00364;Henrique Rodrigues Santos;PF;655.518.510-27;Não informado;26-35;1983-12-23;Curitiba;PR;Brasil;Novo;2021-04-14;2025-01-01;;S;S;2026-07-01 10:00:00;
365;CLI00365;Rafael Martins Costa;PF;327.755.320-44;Feminino;18-25;1992-03-13;Salvador;BA;Brasil;Varejo;2024-07-26;2025-01-01;;S;S;2026-07-01 10:00:00;
366;CLI00366;Rafael Ferreira Almeida;PJ;690.655.464-54;Não informado;51+;1980-03-26;Recife;PE;Brasil;Varejo;2024-11-26;2025-01-01;;S;S;2026-07-01 10:00:00;
367;CLI00367;Felipe Rodrigues Costa;PF;744.885.399-80;Não informado;26-35;2000-04-23;Rio de Janeiro;RJ;Brasil;Ocasional;2023-04-26;2025-01-01;;S;S;2026-07-01 10:00:00;
368;CLI00368;Isabela Oliveira Azevedo;PF;715.565.970-95;Não informado;18-25;1972-01-20;Salvador;BA;Brasil;Varejo;2021-11-10;2025-01-01;;S;S;2026-07-01 10:00:00;
369;CLI00369;Isabela Silva Santos;PF;957.277.187-99;Feminino;18-25;1971-04-06;Belo Horizonte;MG;Brasil;Varejo;2023-09-05;2025-01-01;;S;S;2026-07-01 10:00:00;
370;CLI00370;Ana Silva Santos;PF;190.303.252-70;Masculino;18-25;1993-06-11;Belo Horizonte;MG;Brasil;Novo;2022-04-27;2025-01-01;;S;S;2026-07-01 10:00:00;
371;CLI00371;Isabela Costa Silva;PF;370.266.371-21;Feminino;18-25;2004-05-05;Curitiba;PR;Brasil;Ocasional;2022-03-11;2025-01-01;;S;S;2026-07-01 10:00:00;
372;CLI00372;Rafael Oliveira Souza;PF;869.257.959-98;Masculino;51+;1978-12-01;Rio de Janeiro;RJ;Brasil;Ocasional;2024-08-07;2025-01-01;;S;S;2026-07-01 10:00:00;
373;CLI00373;Rafael Santos Santos;PF;295.912.824-67;Masculino;26-35;1999-02-27;Recife;PE;Brasil;Atacado;2022-07-25;2025-01-01;;S;S;2026-07-01 10:00:00;
374;CLI00374;Eduarda Silva Souza;PF;210.960.749-68;Feminino;36-50;1992-07-17;Curitiba;PR;Brasil;Varejo;2024-09-07;2025-01-01;;S;S;2026-07-01 10:00:00;
375;CLI00375;Ana Souza Rocha;PF;326.625.397-37;Não informado;51+;1999-04-06;Rio de Janeiro;RJ;Brasil;Ocasional;2021-04-16;2025-01-01;;S;S;2026-07-01 10:00:00;
376;CLI00376;Isabela Oliveira Oliveira;PF;331.574.889-53;Não informado;36-50;1985-06-17;Belo Horizonte;MG;Brasil;Premium;2021-08-03;2025-01-01;;S;S;2026-07-01 10:00:00;
377;CLI00377;Larissa Santos Pereira;PF;432.626.342-29;Feminino;26-35;1989-01-07;Curitiba;PR;Brasil;Premium;2022-03-01;2025-01-01;;S;S;2026-07-01 10:00:00;
378;CLI00378;Sofia Azevedo Costa;PJ;641.418.894-19;Feminino;18-25;1999-07-14;Recife;PE;Brasil;Premium;2023-08-03;2025-01-01;;S;S;2026-07-01 10:00:00;
379;CLI00379;Sofia Souza Almeida;PJ;972.588.829-63;Não informado;36-50;1994-08-25;Curitiba;PR;Brasil;Atacado;2024-09-19;2025-01-01;;S;S;2026-07-01 10:00:00;
380;CLI00380;Diego Martins Almeida;PF;752.385.236-14;Não informado;26-35;1964-08-22;Serra;ES;Brasil;Ocasional;2021-04-26;2025-01-01;;S;S;2026-07-01 10:00:00;
381;CLI00381;Carla Azevedo Martins;PJ;547.632.187-28;Masculino;18-25;2005-12-02;Serra;ES;Brasil;Ocasional;2021-03-31;2025-01-01;;S;S;2026-07-01 10:00:00;
382;CLI00382;Eduarda Nascimento Santos;PF;423.267.938-78;Não informado;51+;1970-04-06;Salvador;BA;Brasil;Novo;2021-01-13;2025-01-01;;S;S;2026-07-01 10:00:00;
383;CLI00383;Larissa Costa Santos;PF;569.665.219-21;Masculino;51+;1990-04-06;Belo Horizonte;MG;Brasil;Novo;2022-10-19;2025-01-01;;S;S;2026-07-01 10:00:00;
384;CLI00384;Gabriela Rocha Martins;PF;866.298.602-23;Não informado;36-50;1975-01-09;Recife;PE;Brasil;Varejo;2024-03-03;2025-01-01;;S;S;2026-07-01 10:00:00;
385;CLI00385;William Costa Costa;PF;846.862.969-53;Não informado;26-35;2002-07-02;Serra;ES;Brasil;Recorrente;2021-10-12;2025-01-01;;S;S;2026-07-01 10:00:00;
386;CLI00386;Marcos Silva Martins;PJ;721.140.138-51;Feminino;36-50;1977-06-10;Curitiba;PR;Brasil;Atacado;2023-01-10;2025-01-01;;S;S;2026-07-01 10:00:00;
387;CLI00387;Natália Rodrigues Pereira;PF;332.112.792-62;Não informado;26-35;2001-01-24;São Paulo;SP;Brasil;Recorrente;2023-04-14;2025-01-01;;S;S;2026-07-01 10:00:00;
388;CLI00388;Isabela Nascimento Gomes;PJ;489.547.959-49;Feminino;26-35;1994-12-11;Serra;ES;Brasil;Ocasional;2024-01-14;2025-01-01;;S;S;2026-07-01 10:00:00;
389;CLI00389;Larissa Lima Martins;PF;977.862.994-96;Não informado;18-25;1995-08-11;Recife;PE;Brasil;Novo;2023-10-21;2025-01-01;;S;S;2026-07-01 10:00:00;
390;CLI00390;Larissa Costa Souza;PF;202.221.434-13;Feminino;26-35;1983-02-20;Vitória;ES;Brasil;Novo;2024-09-16;2025-01-01;;S;S;2026-07-01 10:00:00;
391;CLI00391;Gabriela Azevedo Almeida;PJ;418.921.588-58;Masculino;51+;1980-06-24;Belo Horizonte;MG;Brasil;Varejo;2023-01-11;2025-01-01;;S;S;2026-07-01 10:00:00;
392;CLI00392;Vanessa Lima Santos;PF;595.556.526-11;Não informado;26-35;1973-04-12;Curitiba;PR;Brasil;Varejo;2021-02-06;2025-01-01;;S;S;2026-07-01 10:00:00;
393;CLI00393;Diego Gomes Lima;PF;572.705.682-65;Feminino;26-35;1987-02-06;Belo Horizonte;MG;Brasil;Atacado;2023-01-02;2025-01-01;;S;S;2026-07-01 10:00:00;
394;CLI00394;Diego Souza Martins;PF;324.475.855-65;Feminino;51+;2000-12-03;Salvador;BA;Brasil;Recorrente;2023-03-03;2025-01-01;;S;S;2026-07-01 10:00:00;
395;CLI00395;João Costa Nascimento;PF;603.659.870-74;Feminino;26-35;1998-07-27;São Paulo;SP;Brasil;Recorrente;2024-11-27;2025-01-01;;S;S;2026-07-01 10:00:00;
396;CLI00396;Thiago Lima Martins;PF;989.682.470-16;Feminino;26-35;1992-01-17;Rio de Janeiro;RJ;Brasil;Atacado;2022-05-30;2025-01-01;;S;S;2026-07-01 10:00:00;
397;CLI00397;Eduarda Nascimento Souza;PF;256.746.548-13;Masculino;26-35;1998-12-09;Belo Horizonte;MG;Brasil;Recorrente;2022-08-25;2025-01-01;;S;S;2026-07-01 10:00:00;
398;CLI00398;Gabriela Nascimento Gomes;PJ;155.194.892-10;Masculino;26-35;1975-09-09;Rio de Janeiro;RJ;Brasil;Atacado;2024-01-08;2025-01-01;;S;S;2026-07-01 10:00:00;
399;CLI00399;Henrique Ferreira Oliveira;PF;699.838.838-24;Não informado;51+;2005-10-23;Rio de Janeiro;RJ;Brasil;Ocasional;2022-08-16;2025-01-01;;S;S;2026-07-01 10:00:00;
400;CLI00400;Sofia Silva Almeida;PF;553.990.188-18;Não informado;51+;1969-06-15;São Paulo;SP;Brasil;Varejo;2023-10-16;2025-01-01;;S;S;2026-07-01 10:00:00;
401;CLI00401;Thiago Costa Rodrigues;PF;303.333.265-62;Masculino;51+;1979-05-06;Rio de Janeiro;RJ;Brasil;Novo;2024-07-11;2025-01-01;;S;S;2026-07-01 10:00:00;
402;CLI00402;Eduarda Souza Ferreira;PJ;227.616.403-33;Masculino;51+;1988-10-16;Recife;PE;Brasil;Ocasional;2022-05-12;2025-01-01;;S;S;2026-07-01 10:00:00;
403;CLI00403;Sofia Souza Almeida;PF;612.273.338-19;Masculino;51+;1964-07-04;Curitiba;PR;Brasil;Varejo;2022-08-15;2025-01-01;;S;S;2026-07-01 10:00:00;
404;CLI00404;Larissa Costa Rocha;PJ;760.255.576-83;Não informado;18-25;1962-12-16;Curitiba;PR;Brasil;Atacado;2021-06-21;2025-01-01;;S;S;2026-07-01 10:00:00;
405;CLI00405;Natália Rodrigues Ferreira;PJ;260.667.768-94;Não informado;18-25;2003-03-21;Curitiba;PR;Brasil;Varejo;2022-10-08;2025-01-01;;S;S;2026-07-01 10:00:00;
406;CLI00406;Larissa Ferreira Ferreira;PF;448.920.260-80;Não informado;51+;2001-03-10;Vitória;ES;Brasil;Recorrente;2024-11-08;2025-01-01;;S;S;2026-07-01 10:00:00;
407;CLI00407;William Costa Martins;PJ;551.607.381-56;Não informado;18-25;1982-09-18;Curitiba;PR;Brasil;Varejo;2022-05-01;2025-01-01;;S;S;2026-07-01 10:00:00;
408;CLI00408;Diego Costa Pereira;PJ;724.723.678-43;Feminino;36-50;1984-02-12;Serra;ES;Brasil;Ocasional;2023-02-21;2025-01-01;;S;S;2026-07-01 10:00:00;
409;CLI00409;João Azevedo Almeida;PF;806.486.122-19;Feminino;26-35;1963-12-26;São Paulo;SP;Brasil;Recorrente;2023-04-05;2025-01-01;;S;S;2026-07-01 10:00:00;
410;CLI00410;Henrique Souza Silva;PJ;370.224.851-23;Feminino;18-25;1969-07-27;Rio de Janeiro;RJ;Brasil;Premium;2022-03-21;2025-01-01;;S;S;2026-07-01 10:00:00;
411;CLI00411;Natália Rodrigues Santos;PF;711.229.408-14;Feminino;18-25;1970-02-02;Serra;ES;Brasil;Ocasional;2021-01-12;2025-01-01;;S;S;2026-07-01 10:00:00;
412;CLI00412;Felipe Santos Almeida;PF;209.285.302-87;Masculino;26-35;1983-02-28;Salvador;BA;Brasil;Ocasional;2022-10-24;2025-01-01;;S;S;2026-07-01 10:00:00;
413;CLI00413;Otávio Pereira Almeida;PF;594.125.789-32;Feminino;26-35;1969-06-21;Serra;ES;Brasil;Novo;2022-01-12;2025-01-01;;S;S;2026-07-01 10:00:00;
414;CLI00414;William Gomes Lima;PF;901.550.660-83;Feminino;51+;1988-01-20;Curitiba;PR;Brasil;Varejo;2022-10-14;2025-01-01;;S;S;2026-07-01 10:00:00;
415;CLI00415;Sofia Oliveira Azevedo;PF;905.674.628-28;Masculino;26-35;2004-07-06;Serra;ES;Brasil;Atacado;2021-01-25;2025-01-01;;S;S;2026-07-01 10:00:00;
416;CLI00416;Sofia Silva Azevedo;PJ;524.822.785-34;Não informado;51+;2006-11-14;Curitiba;PR;Brasil;Novo;2021-10-02;2025-01-01;;S;S;2026-07-01 10:00:00;
417;CLI00417;William Oliveira Costa;PJ;295.375.316-95;Não informado;18-25;1997-12-11;Curitiba;PR;Brasil;Varejo;2021-11-12;2025-01-01;;S;S;2026-07-01 10:00:00;
418;CLI00418;Isabela Martins Ferreira;PJ;262.687.978-79;Masculino;36-50;1965-08-27;Serra;ES;Brasil;Recorrente;2022-08-09;2025-01-01;;S;S;2026-07-01 10:00:00;
419;CLI00419;Carla Ferreira Rodrigues;PJ;700.619.537-10;Feminino;26-35;1966-07-09;Vitória;ES;Brasil;Atacado;2022-07-25;2025-01-01;;S;S;2026-07-01 10:00:00;
420;CLI00420;Patrícia Lima Rocha;PJ;183.847.559-93;Masculino;18-25;1962-08-27;Belo Horizonte;MG;Brasil;Recorrente;2024-08-21;2025-01-01;;S;S;2026-07-01 10:00:00;
421;CLI00421;Isabela Pereira Martins;PJ;310.620.612-77;Masculino;36-50;1989-11-28;Curitiba;PR;Brasil;Novo;2021-03-04;2025-01-01;;S;S;2026-07-01 10:00:00;
422;CLI00422;Rafael Santos Silva;PF;930.795.402-16;Não informado;26-35;1982-11-28;Salvador;BA;Brasil;Recorrente;2023-07-20;2025-01-01;;S;S;2026-07-01 10:00:00;
423;CLI00423;Sofia Silva Almeida;PJ;126.188.183-14;Feminino;51+;1998-08-23;Vitória;ES;Brasil;Varejo;2023-05-17;2025-01-01;;S;S;2026-07-01 10:00:00;
424;CLI00424;Larissa Azevedo Lima;PF;239.760.934-25;Não informado;26-35;1992-05-11;São Paulo;SP;Brasil;Recorrente;2023-10-03;2025-01-01;;S;S;2026-07-01 10:00:00;
425;CLI00425;Rafael Azevedo Martins;PF;356.365.162-38;Feminino;36-50;1964-11-13;Recife;PE;Brasil;Recorrente;2024-06-14;2025-01-01;;S;S;2026-07-01 10:00:00;
426;CLI00426;Otávio Lima Almeida;PJ;798.161.862-59;Feminino;51+;1990-09-07;Belo Horizonte;MG;Brasil;Recorrente;2022-01-31;2025-01-01;;S;S;2026-07-01 10:00:00;
427;CLI00427;Diego Nascimento Costa;PJ;271.240.581-70;Masculino;36-50;1996-06-04;Recife;PE;Brasil;Atacado;2023-03-01;2025-01-01;;S;S;2026-07-01 10:00:00;
428;CLI00428;Felipe Costa Lima;PF;476.488.214-27;Masculino;36-50;1981-07-19;São Paulo;SP;Brasil;Ocasional;2024-11-04;2025-01-01;;S;S;2026-07-01 10:00:00;
429;CLI00429;Larissa Souza Almeida;PF;391.566.744-57;Não informado;36-50;1990-11-07;São Paulo;SP;Brasil;Ocasional;2023-12-13;2025-01-01;;S;S;2026-07-01 10:00:00;
430;CLI00430;William Souza Pereira;PJ;826.350.826-85;Feminino;51+;1960-04-18;Vitória;ES;Brasil;Recorrente;2022-02-12;2025-01-01;;S;S;2026-07-01 10:00:00;
431;CLI00431;Sofia Gomes Santos;PF;785.213.800-46;Feminino;26-35;2003-10-23;Serra;ES;Brasil;Ocasional;2024-09-23;2025-01-01;;S;S;2026-07-01 10:00:00;
432;CLI00432;Otávio Santos Pereira;PJ;682.809.109-75;Masculino;36-50;2005-10-18;São Paulo;SP;Brasil;Premium;2021-10-16;2025-01-01;;S;S;2026-07-01 10:00:00;
433;CLI00433;Gabriela Oliveira Lima;PF;204.315.224-44;Não informado;36-50;2003-07-13;Serra;ES;Brasil;Premium;2021-08-29;2025-01-01;;S;S;2026-07-01 10:00:00;
434;CLI00434;Otávio Santos Azevedo;PJ;626.251.538-56;Não informado;18-25;1961-01-14;Salvador;BA;Brasil;Recorrente;2022-12-02;2025-01-01;;S;S;2026-07-01 10:00:00;
435;CLI00435;Marcos Nascimento Oliveira;PJ;478.361.656-28;Feminino;26-35;1969-03-04;Vitória;ES;Brasil;Recorrente;2023-04-09;2025-01-01;;S;S;2026-07-01 10:00:00;
436;CLI00436;Sofia Ferreira Ferreira;PF;673.608.522-69;Não informado;18-25;2006-01-08;Salvador;BA;Brasil;Recorrente;2023-09-05;2025-01-01;;S;S;2026-07-01 10:00:00;
437;CLI00437;Ana Souza Lima;PJ;347.892.194-71;Não informado;51+;1987-06-16;Serra;ES;Brasil;Recorrente;2021-03-31;2025-01-01;;S;S;2026-07-01 10:00:00;
438;CLI00438;Bruno Almeida Nascimento;PF;138.718.285-35;Feminino;36-50;1965-06-25;Vitória;ES;Brasil;Ocasional;2021-05-14;2025-01-01;;S;S;2026-07-01 10:00:00;
439;CLI00439;Carla Rodrigues Martins;PJ;175.624.897-67;Feminino;26-35;1971-05-14;Curitiba;PR;Brasil;Premium;2021-01-16;2025-01-01;;S;S;2026-07-01 10:00:00;
440;CLI00440;Sofia Rodrigues Lima;PF;701.146.609-25;Não informado;26-35;2000-01-10;Serra;ES;Brasil;Ocasional;2024-09-26;2025-01-01;;S;S;2026-07-01 10:00:00;
441;CLI00441;Diego Nascimento Rocha;PF;622.514.272-39;Não informado;26-35;1987-05-22;Recife;PE;Brasil;Premium;2023-08-29;2025-01-01;;S;S;2026-07-01 10:00:00;
442;CLI00442;Patrícia Silva Rocha;PF;777.507.203-35;Masculino;18-25;1994-11-10;Curitiba;PR;Brasil;Ocasional;2023-08-12;2025-01-01;;S;S;2026-07-01 10:00:00;
443;CLI00443;Isabela Gomes Gomes;PJ;327.138.510-63;Não informado;51+;1964-03-03;Vitória;ES;Brasil;Premium;2021-12-16;2025-01-01;;S;S;2026-07-01 10:00:00;
444;CLI00444;Gabriela Pereira Lima;PF;491.614.796-72;Masculino;26-35;1966-11-16;Recife;PE;Brasil;Ocasional;2024-08-25;2025-01-01;;S;S;2026-07-01 10:00:00;
445;CLI00445;Vanessa Azevedo Lima;PJ;229.244.168-71;Masculino;26-35;2002-11-01;São Paulo;SP;Brasil;Atacado;2020-12-20;2025-01-01;;S;S;2026-07-01 10:00:00;
446;CLI00446;Bruno Martins Rocha;PF;215.921.429-40;Feminino;26-35;1997-12-09;Curitiba;PR;Brasil;Recorrente;2021-02-07;2025-01-01;;S;S;2026-07-01 10:00:00;
447;CLI00447;Marcos Rodrigues Rocha;PJ;265.548.548-32;Feminino;26-35;1965-09-24;Salvador;BA;Brasil;Recorrente;2021-06-07;2025-01-01;;S;S;2026-07-01 10:00:00;
448;CLI00448;Eduarda Gomes Azevedo;PJ;834.219.217-58;Feminino;26-35;1960-03-02;Curitiba;PR;Brasil;Premium;2023-04-16;2025-01-01;;S;S;2026-07-01 10:00:00;
449;CLI00449;Vanessa Costa Azevedo;PJ;759.903.959-82;Não informado;26-35;1979-09-07;Recife;PE;Brasil;Varejo;2023-02-11;2025-01-01;;S;S;2026-07-01 10:00:00;
450;CLI00450;Eduarda Costa Costa;PF;734.384.775-74;Feminino;18-25;1986-07-22;São Paulo;SP;Brasil;Premium;2022-01-08;2025-01-01;;S;S;2026-07-01 10:00:00;
451;CLI00451;João Pereira Santos;PJ;899.483.629-70;Feminino;51+;1994-05-10;Salvador;BA;Brasil;Varejo;2024-10-28;2025-01-01;;S;S;2026-07-01 10:00:00;
452;CLI00452;Isabela Almeida Costa;PF;846.562.982-55;Não informado;36-50;1989-06-03;Curitiba;PR;Brasil;Varejo;2021-05-03;2025-01-01;;S;S;2026-07-01 10:00:00;
453;CLI00453;Gabriela Azevedo Souza;PJ;770.852.792-42;Não informado;36-50;2004-01-09;Serra;ES;Brasil;Ocasional;2022-12-25;2025-01-01;;S;S;2026-07-01 10:00:00;
454;CLI00454;Otávio Silva Rodrigues;PJ;923.914.334-53;Masculino;51+;1966-12-26;São Paulo;SP;Brasil;Novo;2024-06-06;2025-01-01;;S;S;2026-07-01 10:00:00;
455;CLI00455;Marcos Souza Pereira;PJ;144.829.234-53;Masculino;51+;1978-07-05;Curitiba;PR;Brasil;Recorrente;2021-05-29;2025-01-01;;S;S;2026-07-01 10:00:00;
456;CLI00456;Felipe Rocha Oliveira;PJ;387.162.790-41;Masculino;18-25;1971-01-14;Salvador;BA;Brasil;Recorrente;2024-02-25;2025-01-01;;S;S;2026-07-01 10:00:00;
457;CLI00457;Marcos Nascimento Santos;PF;378.550.622-60;Não informado;36-50;1961-07-13;São Paulo;SP;Brasil;Novo;2024-12-10;2025-01-01;;S;S;2026-07-01 10:00:00;
458;CLI00458;Marcos Santos Martins;PJ;440.229.795-14;Não informado;26-35;1973-01-19;Rio de Janeiro;RJ;Brasil;Ocasional;2024-06-14;2025-01-01;;S;S;2026-07-01 10:00:00;
459;CLI00459;Gabriela Rocha Azevedo;PF;338.582.700-83;Masculino;18-25;1962-10-11;Vitória;ES;Brasil;Atacado;2022-06-04;2025-01-01;;S;S;2026-07-01 10:00:00;
460;CLI00460;Diego Souza Souza;PJ;418.526.471-11;Feminino;18-25;1981-07-08;Salvador;BA;Brasil;Recorrente;2023-02-18;2025-01-01;;S;S;2026-07-01 10:00:00;
461;CLI00461;Vanessa Souza Rodrigues;PF;632.915.663-48;Masculino;51+;2005-08-15;Serra;ES;Brasil;Premium;2021-04-14;2025-01-01;;S;S;2026-07-01 10:00:00;
462;CLI00462;Natália Almeida Souza;PF;896.713.962-70;Não informado;51+;1970-02-09;Recife;PE;Brasil;Premium;2023-04-06;2025-01-01;;S;S;2026-07-01 10:00:00;
463;CLI00463;Patrícia Azevedo Souza;PF;169.195.193-33;Masculino;18-25;1987-07-17;Recife;PE;Brasil;Ocasional;2021-01-25;2025-01-01;;S;S;2026-07-01 10:00:00;
464;CLI00464;Marcos Nascimento Costa;PF;202.622.640-73;Feminino;36-50;1978-09-07;Rio de Janeiro;RJ;Brasil;Novo;2022-12-31;2025-01-01;;S;S;2026-07-01 10:00:00;
465;CLI00465;Larissa Ferreira Ferreira;PJ;390.879.186-89;Não informado;36-50;1967-06-22;Curitiba;PR;Brasil;Recorrente;2023-03-01;2025-01-01;;S;S;2026-07-01 10:00:00;
466;CLI00466;Diego Costa Oliveira;PJ;123.469.327-61;Feminino;26-35;2002-04-22;Recife;PE;Brasil;Ocasional;2022-09-23;2025-01-01;;S;S;2026-07-01 10:00:00;
467;CLI00467;Isabela Souza Oliveira;PJ;268.951.483-17;Feminino;51+;1974-06-22;Salvador;BA;Brasil;Varejo;2024-10-07;2025-01-01;;S;S;2026-07-01 10:00:00;
468;CLI00468;Rafael Nascimento Almeida;PF;654.277.169-92;Feminino;26-35;1976-11-17;São Paulo;SP;Brasil;Varejo;2021-07-26;2025-01-01;;S;S;2026-07-01 10:00:00;
469;CLI00469;Felipe Gomes Nascimento;PJ;397.663.647-27;Não informado;51+;2006-10-04;São Paulo;SP;Brasil;Ocasional;2023-04-10;2025-01-01;;S;S;2026-07-01 10:00:00;
470;CLI00470;João Gomes Souza;PF;787.553.860-50;Não informado;26-35;1983-08-15;São Paulo;SP;Brasil;Premium;2021-05-06;2025-01-01;;S;S;2026-07-01 10:00:00;
471;CLI00471;Diego Santos Ferreira;PF;706.805.624-28;Masculino;18-25;1971-09-01;Serra;ES;Brasil;Atacado;2023-09-19;2025-01-01;;S;S;2026-07-01 10:00:00;
472;CLI00472;Patrícia Santos Azevedo;PJ;645.344.983-33;Feminino;36-50;2000-06-20;Serra;ES;Brasil;Recorrente;2023-02-12;2025-01-01;;S;S;2026-07-01 10:00:00;
473;CLI00473;Marcos Santos Lima;PF;123.739.836-25;Feminino;26-35;2004-05-22;Belo Horizonte;MG;Brasil;Ocasional;2024-07-07;2025-01-01;;S;S;2026-07-01 10:00:00;
474;CLI00474;Gabriela Almeida Ferreira;PJ;666.105.930-17;Não informado;36-50;1974-05-03;Recife;PE;Brasil;Atacado;2021-08-20;2025-01-01;;S;S;2026-07-01 10:00:00;
475;CLI00475;Eduarda Rodrigues Rocha;PJ;485.904.925-68;Feminino;26-35;1977-05-24;Rio de Janeiro;RJ;Brasil;Recorrente;2021-02-08;2025-01-01;;S;S;2026-07-01 10:00:00;
476;CLI00476;João Rodrigues Silva;PF;197.322.550-57;Masculino;36-50;1992-08-01;Curitiba;PR;Brasil;Novo;2023-10-30;2025-01-01;;S;S;2026-07-01 10:00:00;
477;CLI00477;Felipe Costa Almeida;PJ;260.637.882-29;Masculino;26-35;1990-09-07;Rio de Janeiro;RJ;Brasil;Varejo;2020-12-14;2025-01-01;;S;S;2026-07-01 10:00:00;
478;CLI00478;Henrique Costa Ferreira;PF;370.382.456-91;Feminino;51+;1978-07-19;Rio de Janeiro;RJ;Brasil;Ocasional;2022-07-21;2025-01-01;;S;S;2026-07-01 10:00:00;
479;CLI00479;Ana Azevedo Martins;PJ;360.912.950-27;Não informado;26-35;2004-03-10;Vitória;ES;Brasil;Varejo;2022-07-25;2025-01-01;;S;S;2026-07-01 10:00:00;
480;CLI00480;Patrícia Rodrigues Azevedo;PJ;293.968.203-29;Masculino;26-35;1992-03-11;Rio de Janeiro;RJ;Brasil;Varejo;2022-07-28;2025-01-01;;S;S;2026-07-01 10:00:00;
481;CLI00481;Natália Pereira Oliveira;PF;287.839.691-34;Feminino;51+;1997-09-07;Recife;PE;Brasil;Varejo;2022-03-07;2025-01-01;;S;S;2026-07-01 10:00:00;
482;CLI00482;Rafael Azevedo Santos;PF;992.304.554-14;Não informado;18-25;1994-07-07;Belo Horizonte;MG;Brasil;Varejo;2020-12-05;2025-01-01;;S;S;2026-07-01 10:00:00;
483;CLI00483;William Souza Ferreira;PF;763.455.480-23;Masculino;18-25;2001-03-23;Belo Horizonte;MG;Brasil;Recorrente;2023-08-03;2025-01-01;;S;S;2026-07-01 10:00:00;
484;CLI00484;Thiago Martins Rocha;PF;161.959.686-16;Feminino;26-35;1973-02-09;Belo Horizonte;MG;Brasil;Premium;2023-07-13;2025-01-01;;S;S;2026-07-01 10:00:00;
485;CLI00485;Rafael Oliveira Pereira;PF;407.572.328-57;Feminino;51+;1967-04-28;Serra;ES;Brasil;Premium;2023-02-27;2025-01-01;;S;S;2026-07-01 10:00:00;
486;CLI00486;Diego Almeida Rocha;PJ;899.123.330-36;Masculino;18-25;1980-07-14;Salvador;BA;Brasil;Recorrente;2023-04-03;2025-01-01;;S;S;2026-07-01 10:00:00;
487;CLI00487;Otávio Santos Ferreira;PJ;793.547.698-77;Masculino;36-50;1971-07-27;Salvador;BA;Brasil;Recorrente;2021-04-19;2025-01-01;;S;S;2026-07-01 10:00:00;
488;CLI00488;Bruno Nascimento Souza;PJ;688.350.670-75;Feminino;18-25;2003-06-14;Serra;ES;Brasil;Premium;2023-07-21;2025-01-01;;S;S;2026-07-01 10:00:00;
489;CLI00489;Rafael Gomes Oliveira;PF;581.937.234-48;Masculino;26-35;1969-11-13;Serra;ES;Brasil;Varejo;2023-05-06;2025-01-01;;S;S;2026-07-01 10:00:00;
490;CLI00490;Ana Rodrigues Almeida;PJ;632.711.337-53;Feminino;26-35;1963-11-03;Belo Horizonte;MG;Brasil;Premium;2023-05-08;2025-01-01;;S;S;2026-07-01 10:00:00;
491;CLI00491;João Martins Nascimento;PF;218.193.848-92;Feminino;36-50;1961-12-12;São Paulo;SP;Brasil;Atacado;2022-10-16;2025-01-01;;S;S;2026-07-01 10:00:00;
492;CLI00492;Sofia Rocha Rodrigues;PF;220.635.575-48;Masculino;51+;1984-02-14;Rio de Janeiro;RJ;Brasil;Novo;2023-11-19;2025-01-01;;S;S;2026-07-01 10:00:00;
493;CLI00493;Larissa Almeida Gomes;PJ;502.631.873-81;Masculino;18-25;1997-01-21;Recife;PE;Brasil;Ocasional;2023-11-13;2025-01-01;;S;S;2026-07-01 10:00:00;
494;CLI00494;Eduarda Almeida Rodrigues;PJ;470.256.717-76;Feminino;51+;1969-05-27;Rio de Janeiro;RJ;Brasil;Premium;2021-11-10;2025-01-01;;S;S;2026-07-01 10:00:00;
495;CLI00495;Ana Rodrigues Santos;PF;728.555.779-48;Não informado;51+;2005-02-04;Vitória;ES;Brasil;Novo;2023-04-25;2025-01-01;;S;S;2026-07-01 10:00:00;
496;CLI00496;Sofia Rocha Azevedo;PF;930.484.472-26;Masculino;18-25;1961-01-05;Rio de Janeiro;RJ;Brasil;Varejo;2024-07-19;2025-01-01;;S;S;2026-07-01 10:00:00;
497;CLI00497;Carla Nascimento Souza;PF;240.396.940-63;Masculino;36-50;1997-04-11;Serra;ES;Brasil;Atacado;2024-06-16;2025-01-01;;S;S;2026-07-01 10:00:00;
498;CLI00498;Thiago Gomes Rodrigues;PJ;711.159.983-24;Feminino;51+;1964-10-23;Rio de Janeiro;RJ;Brasil;Atacado;2020-12-17;2025-01-01;;S;S;2026-07-01 10:00:00;
499;CLI00499;Isabela Gomes Almeida;PJ;291.688.547-12;Masculino;51+;1997-06-10;Belo Horizonte;MG;Brasil;Varejo;2021-05-27;2025-01-01;;S;S;2026-07-01 10:00:00;
500;CLI00500;Sofia Santos Santos;PJ;448.334.477-24;Masculino;36-50;2006-05-12;Rio de Janeiro;RJ;Brasil;Novo;2022-02-16;2025-01-01;;S;S;2026-07-01 10:00:00;
